"Symbol","Name","LastSale","MarketCap","ADR TSO","IPOyear","Sector","Industry","Summary Quote",
"VNET","21Vianet Group, Inc.","9.2","504725211.2","54861436","2011","Technology","Computer Software: Programming, Data Processing","http://www.nasdaq.com/symbol/vnet",
"TWOU","2U, Inc.","34.81","1631898334.79","n/a","2014","Technology","Computer Software: Prepackaged Software","http://www.nasdaq.com/symbol/twou",
"DDD","3D Systems Corporation","15.23","1708918686.77","n/a","n/a","Technology","Computer Software: Prepackaged Software","http://www.nasdaq.com/symbol/ddd",
"JOBS","51job, Inc.","33.15","916341250.5","27642270","2004","Technology","Diversified Commercial Services","http://www.nasdaq.com/symbol/jobs",
"WUBA","58.com Inc.","53.7","7605657517.2","n/a","2013","Technology","Computer Software: Programming, Data Processing","http://www.nasdaq.com/symbol/wuba",
"ATEN","A10 Networks, Inc.","9.05","595245052.7","n/a","2014","Technology","Computer Communications Equipment","http://www.nasdaq.com/symbol/aten",
"AAN","Aaron&#39;s,  Inc.","24.85","1803570779.85","n/a","n/a","Technology","Diversified Commercial Services","http://www.nasdaq.com/symbol/aan",
"ACIA","Acacia Communications, Inc.","115.29","4128291983.97","n/a","2016","Technology","Semiconductors","http://www.nasdaq.com/symbol/acia",
"ACIW","ACI Worldwide, Inc.","17.87","2093859029.54","n/a","n/a","Technology","Computer Software: Prepackaged Software","http://www.nasdaq.com/symbol/aciw",
"ACTS","Actions Semiconductor Co., Ltd.","2.27","52438421.02","23100626","2005","Technology","Semiconductors","http://www.nasdaq.com/symbol/acts",
"ATVI","Activision Blizzard, Inc","39.88","29569706432.56","n/a","n/a","Technology","Computer Software: Prepackaged Software","http://www.nasdaq.com/symbol/atvi",
"ACTA","Actua Corporation","9.55","377303529.65","n/a","n/a","Technology","EDP Services","http://www.nasdaq.com/symbol/acta",
"ATU","Actuant Corporation","24.04","1416637534","n/a","n/a","Technology","Industrial Machinery/Components","http://www.nasdaq.com/symbol/atu",
"ACXM","Acxiom Corporation","25.24","1953804522.96","n/a","n/a","Technology","EDP Services","http://www.nasdaq.com/symbol/acxm",
"IOTS","Adesto Technologies Corporation","2.3621","35384898.1291","n/a","2015","Technology","Semiconductors","http://www.nasdaq.com/symbol/iots",
"ADBE","Adobe Systems Incorporated","99.7","49679601932.4","n/a","1986","Technology","Computer Software: Prepackaged Software","http://www.nasdaq.com/symbol/adbe",
"AMD","Advanced Micro Devices, Inc.","6.68","5314326177.48","n/a","n/a","Technology","Semiconductors","http://www.nasdaq.com/symbol/amd",
"ASX","Advanced Semiconductor Engineering, Inc.","5.98","9302176555.62","n/a","n/a","Technology","Semiconductors","http://www.nasdaq.com/symbol/asx",
"AER","Aercap Holdings N.V.","39.35","7392516750.95","n/a","2006","Technology","Diversified Commercial Services","http://www.nasdaq.com/symbol/aer",
"ACY","AeroCentury Corp.","8.55","13395276.45","n/a","n/a","Technology","Diversified Commercial Services","http://www.nasdaq.com/symbol/acy",
"HIVE","Aerohive Networks, Inc.","6.77","342556699.09","n/a","2014","Technology","EDP Services","http://www.nasdaq.com/symbol/hive",
"WGA","AG&E Holdings, Inc.","0.2999","3493535.1","n/a","n/a","Technology","Radio And Television Broadcasting And Communications Equipment","http://www.nasdaq.com/symbol/wga",
"AGYS","Agilysys, Inc.","10.42","239025442.84","n/a","n/a","Technology","EDP Services","http://www.nasdaq.com/symbol/agys",
"AL","Air Lease Corporation","27.97","2876503634.17","n/a","2011","Technology","Diversified Commercial Services","http://www.nasdaq.com/symbol/al",
"AYR","Aircastle Limited","20.8","1635589945.6","n/a","2006","Technology","Diversified Commercial Services","http://www.nasdaq.com/symbol/ayr",
"AIRG","Airgain, Inc.","8.1979","59333244.0085","n/a","2016","Technology","Radio And Television Broadcasting And Communications Equipment","http://www.nasdaq.com/symbol/airg",
"AMCN","AirMedia Group Inc","3.24","142137779.4","43869685","2007","Technology","Advertising","http://www.nasdaq.com/symbol/amcn",
"AIXG","Aixtron SE","6.1992","26983704.1824","4352772","n/a","Technology","Industrial Machinery/Components","http://www.nasdaq.com/symbol/aixg",
"ALRM","Alarm.com Holdings, Inc.","29.91","1364884346.04","n/a","2015","Technology","Computer Software: Prepackaged Software","http://www.nasdaq.com/symbol/alrm",
"ALLT","Allot Communications Ltd.","5.41","181549331.82","n/a","2006","Technology","Computer Communications Equipment","http://www.nasdaq.com/symbol/allt",
"MDRX","Allscripts Healthcare Solutions, Inc.","12.72","2373034257.84","n/a","n/a","Technology","EDP Services","http://www.nasdaq.com/symbol/mdrx",
"AOSL","Alpha and Omega Semiconductor Limited","19.64","440559491.44","n/a","2010","Technology","Semiconductors","http://www.nasdaq.com/symbol/aosl",
"GOOG","Alphabet Inc.","779.91","536011707018.27","n/a","2004","Technology","Computer Software: Programming, Data Processing","http://www.nasdaq.com/symbol/goog",
"GOOGL","Alphabet Inc.","805.42","553544061579.74","n/a","n/a","Technology","Computer Software: Programming, Data Processing","http://www.nasdaq.com/symbol/googl",
"AYA","Amaya Inc.","15.46","2239455238.92","n/a","n/a","Technology","Computer Software: Programming, Data Processing","http://www.nasdaq.com/symbol/aya",
"AMBA","Ambarella, Inc.","66.1","2171701883.4","n/a","2012","Technology","Semiconductors","http://www.nasdaq.com/symbol/amba",
"AMBR","Amber Road, Inc.","10.43","275984861.11","n/a","2014","Technology","Computer Software: Prepackaged Software","http://www.nasdaq.com/symbol/ambr",
"DOX","Amdocs Limited","58.17","8600550840","n/a","n/a","Technology","EDP Services","http://www.nasdaq.com/symbol/dox",
"AMSWA","American Software, Inc.","11.06","320685507.38","n/a","n/a","Technology","Computer Software: Prepackaged Software","http://www.nasdaq.com/symbol/amswa",
"AMKR","Amkor Technology, Inc.","9.39","2229260913.42","n/a","1998","Technology","Semiconductors","http://www.nasdaq.com/symbol/amkr",
"AHS","AMN Healthcare Services Inc","34.24","1645212346.24","n/a","2001","Technology","Professional Services","http://www.nasdaq.com/symbol/ahs",
"ASYS","Amtech Systems, Inc.","5.6","73773588","n/a","n/a","Technology","Industrial Machinery/Components","http://www.nasdaq.com/symbol/asys",
"ADI","Analog Devices, Inc.","64.2","19731542965.2","n/a","n/a","Technology","Semiconductors","http://www.nasdaq.com/symbol/adi",
"ANSS","ANSYS, Inc.","97.49","8502914601.74","n/a","1996","Technology","Computer Software: Prepackaged Software","http://www.nasdaq.com/symbol/anss",
"APIC","Apigee Corporation","14.12","422849550.24","n/a","2015","Technology","Computer Software: Prepackaged Software","http://www.nasdaq.com/symbol/apic",
"APPF","AppFolio, Inc.","18.24","613707672.96","n/a","2015","Technology","Computer Software: Prepackaged Software","http://www.nasdaq.com/symbol/appf",
"AAPL","Apple Inc.","109.22","588525744460","n/a","1980","Technology","Computer Manufacturing","http://www.nasdaq.com/symbol/aapl",
"AMAT","Applied Materials, Inc.","27.29","29722737140.16","n/a","1972","Technology","Semiconductors","http://www.nasdaq.com/symbol/amat",
"AMCC","Applied Micro Circuits Corporation","7.11","606953937.96","n/a","1997","Technology","Semiconductors","http://www.nasdaq.com/symbol/amcc",
"AAOI","Applied Optoelectronics, Inc.","13.31","228135809.11","n/a","2013","Technology","Semiconductors","http://www.nasdaq.com/symbol/aaoi",
"AROC","Archrock, Inc.","11.62","809104527.56","n/a","n/a","Technology","Diversified Commercial Services","http://www.nasdaq.com/symbol/aroc",
"ARIS","ARI Network Services, Inc.","4.45","76830651.75","n/a","1991","Technology","Computer Software: Programming, Data Processing","http://www.nasdaq.com/symbol/aris",
"ANET","Arista Networks, Inc.","77.34","5355317502.84","n/a","2014","Technology","Computer Communications Equipment","http://www.nasdaq.com/symbol/anet",
"ARMH","ARM Holdings plc","66","6114311940","92641090","n/a","Technology","Semiconductors","http://www.nasdaq.com/symbol/armh",
"ARRS","ARRIS International plc","27.15","5176828422","n/a","n/a","Technology","Radio And Television Broadcasting And Communications Equipment","http://www.nasdaq.com/symbol/arrs",
"ASML","ASML Holding N.V.","105.45","6214042803.6","58928808","1995","Technology","Industrial Machinery/Components","http://www.nasdaq.com/symbol/asml",
"AZPN","Aspen Technology, Inc.","45","3588189930","n/a","1994","Technology","EDP Services","http://www.nasdaq.com/symbol/azpn",
"ALOT","AstroNova, Inc.","15.65","116225225.8","n/a","1983","Technology","Computer peripheral equipment","http://www.nasdaq.com/symbol/alot",
"ASUR","Asure Software Inc","4.7","30628001.2","n/a","n/a","Technology","EDP Services","http://www.nasdaq.com/symbol/asur",
"TEAM","Atlassian Corporation Plc","29.63","6323151749.52","n/a","2015","Technology","Computer Software: Prepackaged Software","http://www.nasdaq.com/symbol/team",
"ATMR","Atomera Incorporated","8.05","91151969.3","n/a","2016","Technology","Semiconductors","http://www.nasdaq.com/symbol/atmr",
"ATTU","Attunity Ltd.","8.49","141203591.46","n/a","n/a","Technology","Computer Software: Prepackaged Software","http://www.nasdaq.com/symbol/attu",
"AUO","AU Optronics Corp","3.9","3753455592.9","n/a","2002","Technology","Semiconductors","http://www.nasdaq.com/symbol/auo",
"ABTL","Autobytel Inc.","17.36","187229283.92","n/a","1999","Technology","Computer Software: Programming, Data Processing","http://www.nasdaq.com/symbol/abtl",
"ADSK","Autodesk, Inc.","62.79","14106153819.03","n/a","n/a","Technology","Computer Software: Prepackaged Software","http://www.nasdaq.com/symbol/adsk",
"ATHM","Autohome Inc.","25.01","2827494795.7","n/a","2013","Technology","EDP Services","http://www.nasdaq.com/symbol/athm",
"ADP","Automatic Data Processing, Inc.","89.33","40750287032.83","n/a","n/a","Technology","EDP Services","http://www.nasdaq.com/symbol/adp",
"AVG","AVG Technologies N.V.","24.85","1258212978.05","n/a","2012","Technology","Computer Software: Prepackaged Software","http://www.nasdaq.com/symbol/avg",
"AVNW","Aviat Networks, Inc.","8.64","3787430.4","n/a","n/a","Technology","Radio And Television Broadcasting And Communications Equipment","http://www.nasdaq.com/symbol/avnw",
"AWRE","Aware, Inc.","5.085","116830229.355","n/a","1996","Technology","Computer Software: Prepackaged Software","http://www.nasdaq.com/symbol/awre",
"ACLS","Axcelis Technologies, Inc.","11.45","333861069.4","n/a","2000","Technology","Industrial Machinery/Components","http://www.nasdaq.com/symbol/acls",
"AXTI","AXT Inc","3.84","124380311.04","n/a","1998","Technology","Semiconductors","http://www.nasdaq.com/symbol/axti",
"BOSC","B.O.S. Better Online Solutions","3.61","8600478.44","n/a","n/a","Technology","Computer Communications Equipment","http://www.nasdaq.com/symbol/bosc",
"BIDU","Baidu, Inc.","172.73","47332395250.9","274025330","2005","Technology","Computer Software: Programming, Data Processing","http://www.nasdaq.com/symbol/bidu",
"RATE","Bankrate, Inc.","7.85","708580509.05","n/a","2011","Technology","EDP Services","http://www.nasdaq.com/symbol/rate",
"CUDA","Barracuda Networks, Inc.","21.62","1126987729.04","n/a","2013","Technology","Computer peripheral equipment","http://www.nasdaq.com/symbol/cuda",
"BBSI","Barrett Business Services, Inc.","46.44","336395895.48","n/a","1993","Technology","Professional Services","http://www.nasdaq.com/symbol/bbsi",
"BV","Bazaarvoice, Inc.","4.06","333271311.8","n/a","2012","Technology","Computer Software: Prepackaged Software","http://www.nasdaq.com/symbol/bv",
"BHE","Benchmark Electronics, Inc.","24.16","1183135905.12","n/a","n/a","Technology","Electrical Products","http://www.nasdaq.com/symbol/bhe",
"BNFT","Benefitfocus, Inc.","40.91","1213083243.17","n/a","2013","Technology","Computer Software: Prepackaged Software","http://www.nasdaq.com/symbol/bnft",
"BGSF","BG Staffing Inc","17.65","152995989.2","n/a","n/a","Technology","Professional Services","http://www.nasdaq.com/symbol/bgsf",
"BITA","Bitauto Holdings Limited","27.09","1915968017.25","n/a","2010","Technology","EDP Services","http://www.nasdaq.com/symbol/bita",
"BBOX","Black Box Corporation","13.33","201928211.99","n/a","n/a","Technology","Computer Communications Equipment","http://www.nasdaq.com/symbol/bbox",
"BKFS","Black Knight Financial Services, Inc.","38.65","5949037837.8","n/a","2015","Technology","Computer Software: Prepackaged Software","http://www.nasdaq.com/symbol/bkfs",
"BLKB","Blackbaud, Inc.","65.4","3107721802.8","n/a","2004","Technology","Computer Software: Prepackaged Software","http://www.nasdaq.com/symbol/blkb",
"BDR","Blonder Tongue Laboratories, Inc.","0.64","4731658.88","n/a","n/a","Technology","Radio And Television Broadcasting And Communications Equipment","http://www.nasdaq.com/symbol/bdr",
"BCOR","Blucora, Inc.","10.98","455851400.58","n/a","n/a","Technology","EDP Services","http://www.nasdaq.com/symbol/bcor",
"EPAY","Bottomline Technologies, Inc.","20.46","837340476.72","n/a","1999","Technology","Computer Software: Prepackaged Software","http://www.nasdaq.com/symbol/epay",
"BOX","Box, Inc.","12.6","1597462335","n/a","2015","Technology","Computer Software: Prepackaged Software","http://www.nasdaq.com/symbol/box",
"BLIN          ","Bridgeline Digital, Inc.","0.836","4543079.816","n/a","n/a","Technology","Computer Software: Prepackaged Software","http://www.nasdaq.com/symbol/blin",
"BCOV","Brightcove Inc.","11.98","396164942.8","n/a","2012","Technology","EDP Services","http://www.nasdaq.com/symbol/bcov",
"AVGO","Broadcom Limited","173.03","68436580070.43","n/a","2009","Technology","Semiconductors","http://www.nasdaq.com/symbol/avgo",
"BSFT","BroadSoft, Inc.","42.51","1267168219.59","n/a","2010","Technology","Computer Software: Prepackaged Software","http://www.nasdaq.com/symbol/bsft",
"BVSN","BroadVision, Inc.","5.95","29385645.8","n/a","1996","Technology","Computer Software: Prepackaged Software","http://www.nasdaq.com/symbol/bvsn",
"BRCD","Brocade Communications Systems, Inc.","9.63","3846626748.9","n/a","1999","Technology","Computer Communications Equipment","http://www.nasdaq.com/symbol/brcd",
"BRKS","Brooks Automation, Inc.","12.3","844262430.6","n/a","1995","Technology","Industrial Machinery/Components","http://www.nasdaq.com/symbol/brks",
"CA","CA Inc.","33.93","14214927999.87","n/a","n/a","Technology","Computer Software: Prepackaged Software","http://www.nasdaq.com/symbol/ca",
"CCMP","Cabot Microelectronics Corporation","49.03","1183468244.05","n/a","2000","Technology","Semiconductors","http://www.nasdaq.com/symbol/ccmp",
"CACI","CACI International, Inc.","92.69","2254132373.74","n/a","n/a","Technology","EDP Services","http://www.nasdaq.com/symbol/caci",
"CDNS","Cadence Design Systems, Inc.","24.42","7138918380","n/a","n/a","Technology","Computer Software: Prepackaged Software","http://www.nasdaq.com/symbol/cdns",
"CAI","CAI International, Inc.","7.92","152519027.76","n/a","n/a","Technology","Diversified Commercial Services","http://www.nasdaq.com/symbol/cai",
"CAMP","CalAmp Corp.","14.48","532143359.36","n/a","1983","Technology","Radio And Television Broadcasting And Communications Equipment","http://www.nasdaq.com/symbol/camp",
"CALD","Callidus Software, Inc.","19.66","1123718730.56","n/a","2003","Technology","EDP Services","http://www.nasdaq.com/symbol/cald",
"CSIQ","Canadian Solar Inc.","12.21","683338059.03","n/a","2006","Technology","Semiconductors","http://www.nasdaq.com/symbol/csiq",
"CARB","Carbonite, Inc.","13.1","354234584.8","n/a","2011","Technology","EDP Services","http://www.nasdaq.com/symbol/carb",
"CSLT","Castlight Health, inc.","4.14","425174919.84","n/a","2014","Technology","EDP Services","http://www.nasdaq.com/symbol/cslt",
"CAVM","Cavium, Inc.","51.96","3008392394.52","n/a","2007","Technology","Semiconductors","http://www.nasdaq.com/symbol/cavm",
"CDI","CDI Corporation","5.63","104706987.72","n/a","n/a","Technology","Professional Services","http://www.nasdaq.com/symbol/cdi",
"CLS","Celestica, Inc.","10.81","1346755029.04","n/a","1998","Technology","Electrical Products","http://www.nasdaq.com/symbol/cls",
"CRNT","Ceragon Networks Ltd.","2.33","181005250.81","n/a","n/a","Technology","Radio And Television Broadcasting And Communications Equipment","http://www.nasdaq.com/symbol/crnt",
"CERN","Cerner Corporation","65.36","22072677756.48","n/a","1986","Technology","EDP Services","http://www.nasdaq.com/symbol/cern",
"CEVA","CEVA, Inc.","30.89","647468115.16","n/a","n/a","Technology","Semiconductors","http://www.nasdaq.com/symbol/ceva",
"CYOU","Changyou.com Limited","21.02","388545367.12","18484556","2009","Technology","Computer Software: Prepackaged Software","http://www.nasdaq.com/symbol/cyou",
"ECOM          ","ChannelAdvisor Corporation","12.36","317612608.68","n/a","2013","Technology","Computer Software: Prepackaged Software","http://www.nasdaq.com/symbol/ecom",
"CHKP","Check Point Software Technologies Ltd.","74.82","13086131950.86","n/a","1996","Technology","Computer Software: Prepackaged Software","http://www.nasdaq.com/symbol/chkp",
"CMCM","Cheetah Mobile Inc.","11.69","1665344120.16","n/a","2014","Technology","Computer Software: Prepackaged Software","http://www.nasdaq.com/symbol/cmcm",
"CVR","Chicago Rivet & Machine Co.","29.2999","28307570.9868","n/a","n/a","Technology","Industrial Machinery/Components","http://www.nasdaq.com/symbol/cvr",
"STV","China Digital TV Holding Co., Ltd.","1.255","75518366.235","n/a","2007","Technology","Computer Software: Prepackaged Software","http://www.nasdaq.com/symbol/stv",
"CNIT","China Information Technology, Inc.","0.99","38938050.36","n/a","n/a","Technology","Computer Software: Prepackaged Software","http://www.nasdaq.com/symbol/cnit",
"CCIH","ChinaCache International Holdings Ltd.","5.32","92808283.12","17445166","2010","Technology","EDP Services","http://www.nasdaq.com/symbol/ccih",
"CNET","ChinaNet Online Holdings, Inc.","0.8","24316577.6","n/a","n/a","Technology","Advertising","http://www.nasdaq.com/symbol/cnet",
"IMOS","ChipMOS TECHNOLOGIES (Bermuda) LTD.","19.5","532153849.5","n/a","n/a","Technology","Semiconductors","http://www.nasdaq.com/symbol/imos",
"CBR","Ciber, Inc.","1.13","91773460.76","n/a","n/a","Technology","EDP Services","http://www.nasdaq.com/symbol/cbr",
"CRUS","Cirrus Logic, Inc.","51.42","3212755485.78","n/a","1989","Technology","Semiconductors","http://www.nasdaq.com/symbol/crus",
"CSCO","Cisco Systems, Inc.","30.72","154512751964.16","n/a","1990","Technology","Computer Communications Equipment","http://www.nasdaq.com/symbol/csco",
"CTXS","Citrix Systems, Inc.","86.99","13546682683.04","n/a","1995","Technology","Computer Software: Prepackaged Software","http://www.nasdaq.com/symbol/ctxs",
"CLNT","Cleantech Solutions International, Inc.","1.11","5812499.46","n/a","n/a","Technology","Industrial Machinery/Components","http://www.nasdaq.com/symbol/clnt",
"CCOI","Cogent Communications Holdings, Inc.","36.43","1660285519.54","n/a","n/a","Technology","Computer Software: Prepackaged Software","http://www.nasdaq.com/symbol/ccoi",
"CTSH","Cognizant Technology Solutions Corporation","57","34595741880","n/a","1998","Technology","EDP Services","http://www.nasdaq.com/symbol/ctsh",
"CHUBA","CommerceHub, Inc.","12.8","538223360","n/a","n/a","Technology","Computer Software: Prepackaged Software","http://www.nasdaq.com/symbol/chuba",
"CHUBK","CommerceHub, Inc.","12.75","536120925","n/a","n/a","Technology","Computer Software: Prepackaged Software","http://www.nasdaq.com/symbol/chubk",
"COMM","CommScope Holding Company, Inc.","28.59","5507531570.1","n/a","2013","Technology","Radio And Television Broadcasting And Communications Equipment","http://www.nasdaq.com/symbol/comm",
"CVLT","CommVault Systems, Inc.","51.48","2286889090.2","n/a","2006","Technology","Computer Software: Prepackaged Software","http://www.nasdaq.com/symbol/cvlt",
"CPSI","Computer Programs and Systems, Inc.","25.76","348612578.72","n/a","2002","Technology","EDP Services","http://www.nasdaq.com/symbol/cpsi",
"CSC","Computer Sciences Corporation","45.74","6423134273.28","n/a","n/a","Technology","EDP Services","http://www.nasdaq.com/symbol/csc",
"CTG","Computer Task Group, Incorporated","4.77","78065710.29","n/a","n/a","Technology","EDP Services","http://www.nasdaq.com/symbol/ctg",
"CMTL","Comtech Telecommunications Corp.","13.02","210547448.58","n/a","n/a","Technology","Radio And Television Broadcasting And Communications Equipment","http://www.nasdaq.com/symbol/cmtl",
"CCUR","Concurrent Computer Corporation","5.3","50616637.7","n/a","n/a","Technology","Computer Manufacturing","http://www.nasdaq.com/symbol/ccur",
"CNXR","Connecture, Inc.","1.65","36867705.6","n/a","2014","Technology","Computer Software: Prepackaged Software","http://www.nasdaq.com/symbol/cnxr",
"CVG","Convergys Corporation","29.79","2857119338.88","n/a","1998","Technology","EDP Services","http://www.nasdaq.com/symbol/cvg",
"COYN","COPsync, Inc.","1.4","12444565","n/a","n/a","Technology","Computer Communications Equipment","http://www.nasdaq.com/symbol/coyn",
"COYNW","COPsync, Inc.","0.1651","0","n/a","n/a","Technology","Computer Communications Equipment","http://www.nasdaq.com/symbol/coynw",
"CLGX","CoreLogic, Inc.","39.43","3481534070.54","n/a","n/a","Technology","EDP Services","http://www.nasdaq.com/symbol/clgx",
"CSOD","Cornerstone OnDemand, Inc.","43.95","2458194567.15","n/a","2011","Technology","Computer Software: Prepackaged Software","http://www.nasdaq.com/symbol/csod",
"CPAH","CounterPath Corporation","2.2899","10401522.6852","n/a","n/a","Technology","Computer Software: Prepackaged Software","http://www.nasdaq.com/symbol/cpah",
"COVS","Covisint Corporation","2.15","87242027.05","n/a","2013","Technology","EDP Services","http://www.nasdaq.com/symbol/covs",
"CRAY","Cray Inc","22.15","902109141.25","n/a","n/a","Technology","Computer Manufacturing","http://www.nasdaq.com/symbol/cray",
"CREE","Cree, Inc.","23.38","2348002805.68","n/a","1993","Technology","Semiconductors","http://www.nasdaq.com/symbol/cree",
"CRTO","Criteo S.A.","38.12","2217326764.28","58167019","2013","Technology","Advertising","http://www.nasdaq.com/symbol/crto",
"CCRN","Cross Country Healthcare, Inc.","11.4","376026047.4","n/a","2001","Technology","Professional Services","http://www.nasdaq.com/symbol/ccrn",
"CRDS","Crossroads Systems, Inc.","4.632","283821.168","n/a","1999","Technology","Computer peripheral equipment","http://www.nasdaq.com/symbol/crds",
"CSGS","CSG Systems International, Inc.","41.09","1329425818.91","n/a","1996","Technology","EDP Services","http://www.nasdaq.com/symbol/csgs",
"CSPI","CSP Inc.","8.25","31354958.25","n/a","1982","Technology","EDP Services","http://www.nasdaq.com/symbol/cspi",
"CSRA","CSRA Inc.","25.17","4118517087.21","n/a","2015","Technology","EDP Services","http://www.nasdaq.com/symbol/csra",
"CTS","CTS Corporation","18.94","620454721.34","n/a","n/a","Technology","Electrical Products","http://www.nasdaq.com/symbol/cts",
"CW","Curtiss-Wright Corporation","89.32","3967844763.96","n/a","n/a","Technology","Industrial Machinery/Components","http://www.nasdaq.com/symbol/cw",
"CVV","CVD Equipment Corporation","8.36","52857604.8","n/a","n/a","Technology","Industrial Machinery/Components","http://www.nasdaq.com/symbol/cvv",
"CVT","CVENT, INC.","31.77","1345711976.19","n/a","1987","Technology","Computer Software: Prepackaged Software","http://www.nasdaq.com/symbol/cvt",
"CYBR","CyberArk Software Ltd.","53.91","1794655220.49","n/a","2014","Technology","Computer Software: Prepackaged Software","http://www.nasdaq.com/symbol/cybr",
"CY","Cypress Semiconductor Corporation","11.27","3619706860.91","n/a","1986","Technology","Semiconductors","http://www.nasdaq.com/symbol/cy",
"CYRN","CYREN Ltd.","2.35","91934815.3","n/a","n/a","Technology","Computer Software: Prepackaged Software","http://www.nasdaq.com/symbol/cyrn",
"DQ","DAQO New Energy Corp.","23.96","249985773.48","n/a","2010","Technology","Semiconductors","http://www.nasdaq.com/symbol/dq",
"DTLK","Datalink Corporation","10.06","222665172.9","n/a","1999","Technology","EDP Services","http://www.nasdaq.com/symbol/dtlk",
"DRAM","Dataram Corporation","1.57","5318197.59","n/a","n/a","Technology","Electronic Components","http://www.nasdaq.com/symbol/dram",
"DWCH","Datawatch Corporation","5.76","68394286.08","n/a","1992","Technology","Computer Software: Prepackaged Software","http://www.nasdaq.com/symbol/dwch",
"DMD","Demand Media Inc.","5.69","116010075.66","n/a","2011","Technology","EDP Services","http://www.nasdaq.com/symbol/dmd",
"DTRM","Determine, Inc. ","1.68","19167382.08","n/a","n/a","Technology","Computer Software: Prepackaged Software","http://www.nasdaq.com/symbol/dtrm",
"DGII","Digi International Inc.","11.63","301937711.1","n/a","1989","Technology","Computer Communications Equipment","http://www.nasdaq.com/symbol/dgii",
"DMRC","Digimarc Corporation","35.67","324249502.86","n/a","n/a","Technology","EDP Services","http://www.nasdaq.com/symbol/dmrc",
"DGLY","Digital Ally, Inc.","5.56","29904354.36","n/a","n/a","Technology","Radio And Television Broadcasting And Communications Equipment","http://www.nasdaq.com/symbol/dgly",
"DIOD","Diodes Incorporated","19.38","945991637.64","n/a","n/a","Technology","Semiconductors","http://www.nasdaq.com/symbol/diod",
"DLHC","DLH Holdings Corp.","4.72","49118901.84","n/a","n/a","Technology","Professional Services","http://www.nasdaq.com/symbol/dlhc",
"DOV","Dover Corporation","73.88","11467351283.04","n/a","n/a","Technology","Industrial Machinery/Components","http://www.nasdaq.com/symbol/dov",
"DSPG","DSP Group, Inc.","10.99","240615202.87","n/a","1994","Technology","Semiconductors","http://www.nasdaq.com/symbol/dspg",
"DST","DST Systems, Inc.","119.42","3895257204.02","n/a","1995","Technology","EDP Services","http://www.nasdaq.com/symbol/dst",
"ELNK","EarthLink Holdings Corp.","6.29","663561675.58","n/a","n/a","Technology","Computer Software: Programming, Data Processing","http://www.nasdaq.com/symbol/elnk",
"ETN","Eaton Corporation, PLC","67.62","30746814000","n/a","n/a","Technology","Industrial Machinery/Components","http://www.nasdaq.com/symbol/etn",
"EBIX","Ebix, Inc.","56.18","1824800164.34","n/a","n/a","Technology","EDP Services","http://www.nasdaq.com/symbol/ebix",
"ELON","Echelon Corporation","5.2499","23257345.7445","n/a","1998","Technology","Computer Communications Equipment","http://www.nasdaq.com/symbol/elon",
"SATS","EchoStar Corporation","38.21","3587226138.07","n/a","n/a","Technology","Radio And Television Broadcasting And Communications Equipment","http://www.nasdaq.com/symbol/sats",
"EDGW","Edgewater Technology, Inc.","8.7299","107487731.8204","n/a","n/a","Technology","Computer Software: Programming, Data Processing","http://www.nasdaq.com/symbol/edgw",
"EFUT","eFuture Holding Inc.","5.49","28794583.35","n/a","n/a","Technology","EDP Services","http://www.nasdaq.com/symbol/efut",
"EGAN","eGain Corporation","3.22","87232572.42","n/a","1999","Technology","Computer Software: Prepackaged Software","http://www.nasdaq.com/symbol/egan",
"EA","Electronic Arts Inc.","79.77","23992014796.68","n/a","n/a","Technology","Computer Software: Prepackaged Software","http://www.nasdaq.com/symbol/ea",
"EFII","Electronics for Imaging, Inc.","44.01","2056078104.3","n/a","1992","Technology","Computer Communications Equipment","http://www.nasdaq.com/symbol/efii",
"ETAK","Elephant Talk Communications Corp.","0.14","22969270.38","n/a","n/a","Technology","EDP Services","http://www.nasdaq.com/symbol/etak",
"ELLI","Ellie Mae, Inc.","95.97","2899762916.82","n/a","2011","Technology","Computer Software: Prepackaged Software","http://www.nasdaq.com/symbol/elli",
"ELTK","Eltek Ltd.","1.06","10751327.72","n/a","1997","Technology","Electrical Products","http://www.nasdaq.com/symbol/eltk",
"EMAN","eMagin Corporation","2.64","77584594.56","n/a","n/a","Technology","Semiconductors","http://www.nasdaq.com/symbol/eman",
"EMC","EMC Corporation","28.57","55906977654.2","n/a","n/a","Technology","Electronic Components","http://www.nasdaq.com/symbol/emc",
"EMKR","EMCORE Corporation","5.11","133568281.77","n/a","1997","Technology","Semiconductors","http://www.nasdaq.com/symbol/emkr",
"EIGI","Endurance International Group Holdings, Inc.","7.72","1090146858.76","n/a","2013","Technology","Computer Software: Prepackaged Software","http://www.nasdaq.com/symbol/eigi",
"WATT","Energous Corporation","14.07","239804901.21","n/a","2014","Technology","Radio And Television Broadcasting And Communications Equipment","http://www.nasdaq.com/symbol/watt",
"ERII","Energy Recovery, Inc.","12.57","654327579","n/a","2008","Technology","Industrial Machinery/Components","http://www.nasdaq.com/symbol/erii",
"ENOC","EnerNOC, Inc.","5.61","175297094.94","n/a","2007","Technology","Computer Software: Programming, Data Processing","http://www.nasdaq.com/symbol/enoc",
"ENPH","Enphase Energy, Inc.","1.83","85543060.86","n/a","2012","Technology","Semiconductors","http://www.nasdaq.com/symbol/enph",
"EPAM","EPAM Systems, Inc.","66.52","3385325529.4","n/a","2012","Technology","EDP Services","http://www.nasdaq.com/symbol/epam",
"EPIQ","EPIQ Systems, Inc.","16.34","622986225.68","n/a","1997","Technology","EDP Services","http://www.nasdaq.com/symbol/epiq",
"PLUS","ePlus inc.","83.92","595295163.76","n/a","1996","Technology","Retail: Computer Software & Peripheral Equipment","http://www.nasdaq.com/symbol/plus",
"ERIC","Ericsson","7.29","2034557884.17","279088873","n/a","Technology","Radio And Television Broadcasting And Communications Equipment","http://www.nasdaq.com/symbol/eric",
"EVTC","Evertec, Inc.","16.94","1254075230.1","n/a","2013","Technology","EDP Services","http://www.nasdaq.com/symbol/evtc",
"EVDY","Everyday Health, Inc.","7.33","245095680.21","n/a","2014","Technology","EDP Services","http://www.nasdaq.com/symbol/evdy",
"EVOL","Evolving Systems, Inc.","4.0752","48109264.2","n/a","1998","Technology","EDP Services","http://www.nasdaq.com/symbol/evol",
"EXA","Exa Corporation","14.86","218732631.88","n/a","2012","Technology","Computer Software: Prepackaged Software","http://www.nasdaq.com/symbol/exa",
"EXAR","Exar Corporation","8.97","444684153.03","n/a","1985","Technology","Semiconductors","http://www.nasdaq.com/symbol/exar",
"EXTN","Exterran Corporation","14.54","510979947","n/a","2015","Technology","Diversified Commercial Services","http://www.nasdaq.com/symbol/extn",
"EXTR","Extreme Networks, Inc.","3.95","413980374.1","n/a","1999","Technology","Computer Communications Equipment","http://www.nasdaq.com/symbol/extr",
"FFIV","F5 Networks, Inc.","123.32","8164355958.16","n/a","1999","Technology","Computer Communications Equipment","http://www.nasdaq.com/symbol/ffiv",
"FB","Facebook, Inc.","124.37","357148884140.57","n/a","2012","Technology","Computer Software: Programming, Data Processing","http://www.nasdaq.com/symbol/fb",
"FDS","FactSet Research Systems Inc.","173.33","7046138014.74","n/a","1996","Technology","Computer Software: Programming, Data Processing","http://www.nasdaq.com/symbol/fds",
"FCS","Fairchild Semiconductor International, Inc.","19.79","2272497257.36","n/a","1999","Technology","Semiconductors","http://www.nasdaq.com/symbol/fcs",
"FALC","FalconStor Software, Inc.","1","43369611","n/a","n/a","Technology","Computer Software: Prepackaged Software","http://www.nasdaq.com/symbol/falc",
"FNSR","Finisar Corporation","20.16","2171368604.16","n/a","1999","Technology","Semiconductors","http://www.nasdaq.com/symbol/fnsr",
"FEYE","FireEye, Inc.","14.41","2445049403.06","n/a","2013","Technology","Computer peripheral equipment","http://www.nasdaq.com/symbol/feye",
"FSLR","First Solar, Inc.","36.89","3776043910.17","n/a","2006","Technology","Semiconductors","http://www.nasdaq.com/symbol/fslr",
"FISV","Fiserv, Inc.","102.78","22592602144.8","n/a","1986","Technology","EDP Services","http://www.nasdaq.com/symbol/fisv",
"FIT","Fitbit, Inc.","14.78","3283435440.12","n/a","2015","Technology","Computer Manufacturing","http://www.nasdaq.com/symbol/fit",
"FIVN","Five9, Inc.","13.61","715261627.64","n/a","2014","Technology","EDP Services","http://www.nasdaq.com/symbol/fivn",
"FLTX","Fleetmatics Group PLC","59.38","2325733906.66","n/a","2012","Technology","Computer Software: Prepackaged Software","http://www.nasdaq.com/symbol/fltx",
"FLEX","Flextronics International Ltd.","12.72","6947124150.48","n/a","1994","Technology","Electrical Products","http://www.nasdaq.com/symbol/flex",
"FORM","FormFactor, Inc.","10.52","742347166.4","n/a","2003","Technology","Semiconductors","http://www.nasdaq.com/symbol/form",
"FORTY","Formula Systems (1985) Ltd.","36.0001","6879079.1085","191085","n/a","Technology","EDP Services","http://www.nasdaq.com/symbol/forty",
"FTNT","Fortinet, Inc.","34.46","5950822380.58","n/a","2009","Technology","Computer peripheral equipment","http://www.nasdaq.com/symbol/ftnt",
"FNCX","Function(x) Inc.","0.3158","11757044.52","n/a","n/a","Technology","Computer Software: Programming, Data Processing","http://www.nasdaq.com/symbol/fncx",
"FSNN","Fusion Telecommunications International, Inc.","1.85","27729154.2","n/a","n/a","Technology","Computer Software: Prepackaged Software","http://www.nasdaq.com/symbol/fsnn",
"JOB","GEE Group Inc.","6.22","58336708.24","n/a","n/a","Technology","Diversified Commercial Services","http://www.nasdaq.com/symbol/job",
"GIGM","GigaMedia Limited","2.52","27851632.2","n/a","n/a","Technology","Computer Software: Programming, Data Processing","http://www.nasdaq.com/symbol/gigm",
"GIMO","Gigamon Inc.","44.87","1582874906.83","n/a","2013","Technology","EDP Services","http://www.nasdaq.com/symbol/gimo",
"GIG","GigPeak, Inc.","1.95","131549379","n/a","n/a","Technology","Semiconductors","http://www.nasdaq.com/symbol/gig",
"GILT","Gilat Satellite Networks Ltd.","4.75","213584657.25","n/a","n/a","Technology","Radio And Television Broadcasting And Communications Equipment","http://www.nasdaq.com/symbol/gilt",
"GSB","GlobalSCAPE, Inc.","3.49","73933210.49","n/a","n/a","Technology","Computer Software: Prepackaged Software","http://www.nasdaq.com/symbol/gsb",
"GLOB","Globant S.A.","41.21","1417376492.74","n/a","2014","Technology","EDP Services","http://www.nasdaq.com/symbol/glob",
"GLUU","Glu Mobile Inc.","2.18","289934813.78","n/a","2007","Technology","EDP Services","http://www.nasdaq.com/symbol/gluu",
"GDDY","GoDaddy Inc.","32.25","5215052814","n/a","2015","Technology","EDP Services","http://www.nasdaq.com/symbol/gddy",
"GHM","Graham Corporation","18.57","180382294.8","n/a","n/a","Technology","Industrial Machinery/Components","http://www.nasdaq.com/symbol/ghm",
"GEC","Great Elm Capital Group, Inc. ","5.07","47861768.37","n/a","n/a","Technology","Computer Software: Prepackaged Software","http://www.nasdaq.com/symbol/gec",
"GRPN","Groupon, Inc.","5.59","3211956629.83","n/a","2011","Technology","Advertising","http://www.nasdaq.com/symbol/grpn",
"GVP","GSE Systems, Inc.","2.52","45692178.84","n/a","n/a","Technology","Computer Software: Prepackaged Software","http://www.nasdaq.com/symbol/gvp",
"GSIT","GSI Technology, Inc.","4.78","98224497.24","n/a","2007","Technology","Semiconductors","http://www.nasdaq.com/symbol/gsit",
"GUID","Guidance Software, Inc.","5.97","192902640","n/a","2006","Technology","Computer Software: Prepackaged Software","http://www.nasdaq.com/symbol/guid",
"GWRE","Guidewire Software, Inc.","60.51","4388355051.57","n/a","2012","Technology","Computer Software: Prepackaged Software","http://www.nasdaq.com/symbol/gwre",
"HQCL","Hanwha Q CELLS Co., Ltd. ","12.63","69484260.75","5501525","n/a","Technology","Semiconductors","http://www.nasdaq.com/symbol/hqcl",
"HLIT","Harmonic Inc.","4.14","323045545.5","n/a","1995","Technology","Radio And Television Broadcasting And Communications Equipment","http://www.nasdaq.com/symbol/hlit",
"HHS","Harte-Hanks, Inc.","1.61","99030763.51","n/a","1993","Technology","Advertising","http://www.nasdaq.com/symbol/hhs",
"HSTM","HealthStream, Inc.","24.09","764593329.06","n/a","2000","Technology","Computer Software: Programming, Data Processing","http://www.nasdaq.com/symbol/hstm",
"HSII","Heidrick & Struggles International, Inc.","19.31","358811236.68","n/a","1999","Technology","Diversified Commercial Services","http://www.nasdaq.com/symbol/hsii",
"HPE","Hewlett Packard Enterprise Company","21.64","35959505891.6","n/a","2015","Technology","Computer Manufacturing","http://www.nasdaq.com/symbol/hpe",
"HIMX","Himax Technologies, Inc.","9.82","1055777031.52","107512936","2006","Technology","Semiconductors","http://www.nasdaq.com/symbol/himx",
"HDP","Hortonworks, Inc.","8.57","506401908.47","n/a","2014","Technology","Computer Software: Prepackaged Software","http://www.nasdaq.com/symbol/hdp",
"HPQ","HP Inc.","14.5","24803794989.5","n/a","n/a","Technology","Computer Manufacturing","http://www.nasdaq.com/symbol/hpq",
"HUBS","HubSpot, Inc.","56.94","2012613652.92","n/a","2014","Technology","Computer Software: Prepackaged Software","http://www.nasdaq.com/symbol/hubs",
"HSON","Hudson Global, Inc.","1.8","60500653.2","n/a","n/a","Technology","Professional Services","http://www.nasdaq.com/symbol/hson",
"INVE","Identiv, Inc.","2.36","25362709.96","n/a","n/a","Technology","Computer peripheral equipment","http://www.nasdaq.com/symbol/inve",
"DSKY","iDreamSky Technology Limited","13.59","215662699.8","15869220","2014","Technology","Computer Software: Prepackaged Software","http://www.nasdaq.com/symbol/dsky",
"IEC","IEC Electronics Corp.","5.06","51988479.18","n/a","n/a","Technology","Electrical Products","http://www.nasdaq.com/symbol/iec",
"ITW","Illinois Tool Works Inc.","118.99","42236727167.91","n/a","n/a","Technology","Industrial Machinery/Components","http://www.nasdaq.com/symbol/itw",
"IMN","Imation Corporation","1.01","37508841.67","n/a","n/a","Technology","Electronic Components","http://www.nasdaq.com/symbol/imn",
"IMMR","Immersion Corporation","6.54","189056652.3","n/a","1999","Technology","Computer peripheral equipment","http://www.nasdaq.com/symbol/immr",
"IMPV","Imperva, Inc.","46.91","1529825542.48","n/a","2011","Technology","Computer Software: Prepackaged Software","http://www.nasdaq.com/symbol/impv",
"IMPR","Imprivata, Inc.","19.13","489214531.67","n/a","2014","Technology","Computer Software: Prepackaged Software","http://www.nasdaq.com/symbol/impr",
"IMS","IMS Health Holdings, Inc.","29.06","9566979792.26","n/a","2014","Technology","EDP Services","http://www.nasdaq.com/symbol/ims",
"SAAS","inContact, Inc.","13.83","864865563.93","n/a","n/a","Technology","Computer Software: Prepackaged Software","http://www.nasdaq.com/symbol/saas",
"BLOX","Infoblox Inc.","19.79","1126083514.97","n/a","2012","Technology","EDP Services","http://www.nasdaq.com/symbol/blox",
"INFY","Infosys Limited","15.92","36387285224.48","n/a","n/a","Technology","EDP Services","http://www.nasdaq.com/symbol/infy",
"IM","Ingram Micro Inc.","34.55","5170736623.3","n/a","1996","Technology","Retail: Computer Software & Peripheral Equipment","http://www.nasdaq.com/symbol/im",
"INOD","Innodata Inc.","2.28","58014761.88","n/a","1993","Technology","EDP Services","http://www.nasdaq.com/symbol/inod",
"ISSC","Innovative Solutions and Support, Inc.","3.1399","53092094.9751","n/a","2000","Technology","EDP Services","http://www.nasdaq.com/symbol/issc",
"INOV","Inovalon Holdings, Inc.","14.97","2281968566.7","n/a","2015","Technology","EDP Services","http://www.nasdaq.com/symbol/inov",
"IPHI","Inphi Corporation","42.01","1709137108.54","n/a","2010","Technology","Semiconductors","http://www.nasdaq.com/symbol/iphi",
"NSP","Insperity, Inc.","65.86","1409106444.52","n/a","n/a","Technology","Professional Services","http://www.nasdaq.com/symbol/nsp",
"INST","Instructure, Inc.","23.94","669984289.38","n/a","2015","Technology","Computer Software: Prepackaged Software","http://www.nasdaq.com/symbol/inst",
"IDTI","Integrated Device Technology, Inc.","19.38","2603213538.72","n/a","1984","Technology","Semiconductors","http://www.nasdaq.com/symbol/idti",
"INTC","Intel Corporation","35.02","165679620000","n/a","n/a","Technology","Semiconductors","http://www.nasdaq.com/symbol/intc",
"IDN","Intellicheck Mobilisa, Inc.","1.64","16718223.96","n/a","1999","Technology","Computer Software: Prepackaged Software","http://www.nasdaq.com/symbol/idn",
"ININ","Interactive Intelligence Group, Inc.","57.53","1279370434.54","n/a","1999","Technology","Computer Software: Prepackaged Software","http://www.nasdaq.com/symbol/inin",
"LINK","Interlink Electronics, Inc.","11.16","81781093.8","n/a","n/a","Technology","Computer peripheral equipment","http://www.nasdaq.com/symbol/link",
"IMI","Intermolecular, Inc.","1.2","59425233.6","n/a","2011","Technology","Semiconductors","http://www.nasdaq.com/symbol/imi",
"INAP","Internap Corporation","2.22","125849866.38","n/a","1999","Technology","Computer Software: Programming, Data Processing","http://www.nasdaq.com/symbol/inap",
"IBM","International Business Machines Corporation","160.44","153355646175.48","n/a","n/a","Technology","Computer Manufacturing","http://www.nasdaq.com/symbol/ibm",
"IIJI","Internet Initiative Japan, Inc.","9.9593","19640078.2162","1972034","n/a","Technology","Computer Software: Programming, Data Processing","http://www.nasdaq.com/symbol/iiji",
"IPG","Interpublic Group of Companies, Inc. (The)","23.09","9252339615.41","n/a","n/a","Technology","Advertising","http://www.nasdaq.com/symbol/ipg",
"INTX","Intersections, Inc.","1.84","43577847.92","n/a","2004","Technology","EDP Services","http://www.nasdaq.com/symbol/intx",
"ISIL","Intersil Corporation","15.15","2052773338.5","n/a","2000","Technology","Semiconductors","http://www.nasdaq.com/symbol/isil",
"INXN","InterXion Holding N.V.","37.09","2614066110","n/a","2011","Technology","Computer Software: Programming, Data Processing","http://www.nasdaq.com/symbol/inxn",
"IVAC","Intevac, Inc.","6.15","128680619.7","n/a","1995","Technology","Industrial Machinery/Components","http://www.nasdaq.com/symbol/ivac",
"IL","IntraLinks Holdings, Inc.","9.08","520544359.92","n/a","2010","Technology","Computer Software: Prepackaged Software","http://www.nasdaq.com/symbol/il",
"INTU","Intuit Inc.","112.74","28846925965.14","n/a","1993","Technology","Computer Software: Prepackaged Software","http://www.nasdaq.com/symbol/intu",
"INVN","InvenSense, Inc.","8","749512000","n/a","2011","Technology","Semiconductors","http://www.nasdaq.com/symbol/invn",
"IPAS","iPass Inc.","1.59","104324709.75","n/a","2003","Technology","EDP Services","http://www.nasdaq.com/symbol/ipas",
"IPGP","IPG Photonics Corporation","83.86","4457400768.38","n/a","2006","Technology","Semiconductors","http://www.nasdaq.com/symbol/ipgp",
"IXYS","IXYS Corporation","11.21","352651488.92","n/a","n/a","Technology","Semiconductors","http://www.nasdaq.com/symbol/ixys",
"JCOM","j2 Global, Inc.","65.29","3134702761.81","n/a","1999","Technology","Telecommunications Equipment","http://www.nasdaq.com/symbol/jcom",
"JASO","JA Solar Holdings, Co., Ltd.","7.71","310606617.42","40286202","2007","Technology","Semiconductors","http://www.nasdaq.com/symbol/jaso",
"JBL","Jabil Circuit, Inc.","20.7","3955472313.3","n/a","1993","Technology","Electrical Products","http://www.nasdaq.com/symbol/jbl",
"JKHY","Jack Henry & Associates, Inc.","85.94","6779351977.4","n/a","1985","Technology","EDP Services","http://www.nasdaq.com/symbol/jkhy",
"JKS","JinkoSolar Holding Company Limited","18.82","590430111.24","n/a","2010","Technology","Semiconductors","http://www.nasdaq.com/symbol/jks",
"JIVE","Jive Software, Inc.","4.2","326377111.2","n/a","2011","Technology","EDP Services","http://www.nasdaq.com/symbol/jive",
"JBT","John Bean Technologies Corporation","67.52","1968535134.4","n/a","n/a","Technology","Industrial Machinery/Components","http://www.nasdaq.com/symbol/jbt",
"JNPR","Juniper Networks, Inc.","23.11","8850267280.59","n/a","1999","Technology","Computer Communications Equipment","http://www.nasdaq.com/symbol/jnpr",
"KAI","Kadant Inc","51.39","560009780.28","n/a","n/a","Technology","Industrial Machinery/Components","http://www.nasdaq.com/symbol/kai",
"KELYA","Kelly Services, Inc.","19.2","731399692.8","n/a","n/a","Technology","Professional Services","http://www.nasdaq.com/symbol/kelya",
"KELYB","Kelly Services, Inc.","20.0732","764663141.3288","n/a","n/a","Technology","Professional Services","http://www.nasdaq.com/symbol/kelyb",
"KTEC","Key Technology, Inc.","12.02","76961451.66","n/a","1993","Technology","Industrial Machinery/Components","http://www.nasdaq.com/symbol/ktec",
"KTCC","Key Tronic Corporation","7.56","80972181.36","n/a","1983","Technology","Computer peripheral equipment","http://www.nasdaq.com/symbol/ktcc",
"KFRC","Kforce, Inc.","18.35","509583059.9","n/a","1995","Technology","Professional Services","http://www.nasdaq.com/symbol/kfrc",
"KE","Kimball Electronics, Inc.","12.04","343054058.48","n/a","n/a","Technology","Electrical Products","http://www.nasdaq.com/symbol/ke",
"KONE","Kingtone Wirelessinfo Solution Holding Ltd","6.1","4357687.5","714375","2010","Technology","EDP Services","http://www.nasdaq.com/symbol/kone",
"KZ","KongZhong Corporation","6.3","221786913.6","35204272","n/a","Technology","Telecommunications Equipment","http://www.nasdaq.com/symbol/kz",
"KOPN","Kopin Corporation","2.25","150231379.5","n/a","1992","Technology","Semiconductors","http://www.nasdaq.com/symbol/kopn",
"KFY","Korn/Ferry International","23.89","1368997385.78","n/a","1999","Technology","Diversified Commercial Services","http://www.nasdaq.com/symbol/kfy",
"KLIC","Kulicke and Soffa Industries, Inc.","12.89","907478570.39","n/a","n/a","Technology","Semiconductors","http://www.nasdaq.com/symbol/klic",
"KVHI","KVH Industries, Inc.","8.38","138347950.76","n/a","1996","Technology","Radio And Television Broadcasting And Communications Equipment","http://www.nasdaq.com/symbol/kvhi",
"KYO","Kyocera Corporation","48.96","18488205676.8","n/a","n/a","Technology","Semiconductors","http://www.nasdaq.com/symbol/kyo",
"LLL","L-3 Communications Holdings, Inc.","149.4","11539631050.2","n/a","n/a","Technology","Radio And Television Broadcasting And Communications Equipment","http://www.nasdaq.com/symbol/lll",
"LRCX","Lam Research Corporation","90.21","14397303555.45","n/a","1984","Technology","Industrial Machinery/Components","http://www.nasdaq.com/symbol/lrcx",
"LTRX","Lantronix, Inc.","1.3","19792767.8","n/a","2000","Technology","Computer Communications Equipment","http://www.nasdaq.com/symbol/ltrx",
"LSCC","Lattice Semiconductor Corporation","5.96","717309398.96","n/a","n/a","Technology","Semiconductors","http://www.nasdaq.com/symbol/lscc",
"LDOS","Leidos Holdings, Inc.","38.5","2802822522.5","n/a","n/a","Technology","EDP Services","http://www.nasdaq.com/symbol/ldos",
"LXK","Lexmark International, Inc.","34.94","2193383761.62","n/a","1995","Technology","Computer Manufacturing","http://www.nasdaq.com/symbol/lxk",
"LTRPA","Liberty TripAdvisor Holdings, Inc.","21.29","1595434299.29","n/a","n/a","Technology","EDP Services","http://www.nasdaq.com/symbol/ltrpa",
"LTRPB","Liberty TripAdvisor Holdings, Inc.","22.7","1701097162.7","n/a","n/a","Technology","EDP Services","http://www.nasdaq.com/symbol/ltrpb",
"LOCK","LifeLock, Inc.","16.6","1537029059.2","n/a","2012","Technology","EDP Services","http://www.nasdaq.com/symbol/lock",
"LPTH","LightPath Technologies, Inc.","1.96","30558252.2","n/a","1996","Technology","Semiconductors","http://www.nasdaq.com/symbol/lpth",
"LECO","Lincoln Electric Holdings, Inc.","64.8","4358765390.4","n/a","n/a","Technology","Industrial Machinery/Components","http://www.nasdaq.com/symbol/leco",
"LN","LINE Corporation","47.4","9953620800","n/a","2016","Technology","Computer Software: Programming, Data Processing","http://www.nasdaq.com/symbol/ln",
"LLTC","Linear Technology Corporation","58.61","14045863759.32","n/a","1986","Technology","Semiconductors","http://www.nasdaq.com/symbol/lltc",
"LNKD","LinkedIn Corporation","191.4","25787246779.8","n/a","2011","Technology","Computer Software: Programming, Data Processing","http://www.nasdaq.com/symbol/lnkd",
"LIQT","LiqTech International, Inc.","0.78","30834987.3","n/a","n/a","Technology","Industrial Machinery/Components","http://www.nasdaq.com/symbol/liqt",
"LIVE","Live Ventures Incorporated","1.7899","29956974.5825","n/a","n/a","Technology","EDP Services","http://www.nasdaq.com/symbol/live",
"LPSN","LivePerson, Inc.","7.61","439695792.85","n/a","2000","Technology","Computer Software: Prepackaged Software","http://www.nasdaq.com/symbol/lpsn",
"LOGI","Logitech International S.A.","21.74","3516085463.88","n/a","1997","Technology","Computer peripheral equipment","http://www.nasdaq.com/symbol/logi",
"LOGM","LogMein, Inc.","80.68","2041740279.96","n/a","2009","Technology","Computer Software: Prepackaged Software","http://www.nasdaq.com/symbol/logm",
"LORL","Loral Space and Communications, Inc.","35.42","1095638040.42","n/a","n/a","Technology","Radio And Television Broadcasting And Communications Equipment","http://www.nasdaq.com/symbol/lorl",
"LXFT","Luxoft Holding, Inc.","50.73","1684609727.91","n/a","2013","Technology","EDP Services","http://www.nasdaq.com/symbol/lxft",
"MTSI","MACOM Technology Solutions Holdings, Inc.","39.13","2099934888.87","n/a","2012","Technology","Semiconductors","http://www.nasdaq.com/symbol/mtsi",
"MGIC","Magic Software Enterprises Ltd.","7.68","340494489.6","n/a","1991","Technology","Computer Software: Prepackaged Software","http://www.nasdaq.com/symbol/mgic",
"MX","MagnaChip Semiconductor Corporation","7.7","267434505.8","n/a","2011","Technology","Semiconductors","http://www.nasdaq.com/symbol/mx",
"MNGA","MagneGas Corporation","0.5996","27521360.5864","n/a","n/a","Technology","Industrial Machinery/Components","http://www.nasdaq.com/symbol/mnga",
"MJCO","Majesco","5.17","188570600.68","n/a","2015","Technology","Computer Software: Prepackaged Software","http://www.nasdaq.com/symbol/mjco",
"COOL","Majesco Entertainment Company","3.74","9729531.46","n/a","n/a","Technology","Computer Software: Prepackaged Software","http://www.nasdaq.com/symbol/cool",
"MAMS","MAM Software Group, Inc.","6.08","75820670.4","n/a","n/a","Technology","Computer Software: Prepackaged Software","http://www.nasdaq.com/symbol/mams",
"MANH","Manhattan Associates, Inc.","59.52","4261931028.48","n/a","1998","Technology","Computer Software: Prepackaged Software","http://www.nasdaq.com/symbol/manh",
"MNTX","Manitex International, Inc.","5.89","94982764.34","n/a","n/a","Technology","Industrial Machinery/Components","http://www.nasdaq.com/symbol/mntx",
"MFS","Manitowoc Food Service, Inc.","16.75","2297808650.5","n/a","2016","Technology","Industrial Machinery/Components","http://www.nasdaq.com/symbol/mfs",
"MAN","ManpowerGroup","70.12","4805438737.04","n/a","n/a","Technology","Professional Services","http://www.nasdaq.com/symbol/man",
"MRIN","Marin Software Incorporated","2.81","108079920.05","n/a","2013","Technology","EDP Services","http://www.nasdaq.com/symbol/mrin",
"MRVL","Marvell Technology Group Ltd.","11.61","5935032000","n/a","2000","Technology","Semiconductors","http://www.nasdaq.com/symbol/mrvl",
"MTCH","Match Group, Inc.","14.95","3763297705.05","n/a","2015","Technology","Computer Software: Programming, Data Processing","http://www.nasdaq.com/symbol/mtch",
"MTLS","Materialise NV","6.56","87762107.2","13378370","2014","Technology","Computer Software: Prepackaged Software","http://www.nasdaq.com/symbol/mtls",
"MATR","Mattersight Corporation","3.71","98565873.91","n/a","n/a","Technology","EDP Services","http://www.nasdaq.com/symbol/matr",
"MXIM","Maxim Integrated Products, Inc.","40.52","11487876822.48","n/a","1988","Technology","Semiconductors","http://www.nasdaq.com/symbol/mxim",
"MXL","MaxLinear, Inc","18.15","1162019283.15","n/a","2010","Technology","Semiconductors","http://www.nasdaq.com/symbol/mxl",
"MGRC","McGrath RentCorp","31.28","747834732.8","n/a","1984","Technology","Diversified Commercial Services","http://www.nasdaq.com/symbol/mgrc",
"MDCA","MDC Partners Inc.","13.1","654149744.5","n/a","n/a","Technology","Advertising","http://www.nasdaq.com/symbol/mdca",
"MTBC","Medical Transcription Billing, Corp.","0.82","8406836.8","n/a","2014","Technology","Computer Software: Prepackaged Software","http://www.nasdaq.com/symbol/mtbc",
"MTBCP","Medical Transcription Billing, Corp.","27","7955712","n/a","n/a","Technology","Computer Software: Prepackaged Software","http://www.nasdaq.com/symbol/mtbcp",
"MDSO","Medidata Solutions, Inc.","52.84","3037751837.84","n/a","2009","Technology","Computer Software: Prepackaged Software","http://www.nasdaq.com/symbol/mdso",
"MLNX","Mellanox Technologies, Ltd.","42.02","2021340963.18","n/a","2007","Technology","Semiconductors","http://www.nasdaq.com/symbol/mlnx",
"MENT","Mentor Graphics Corporation","21.8","2332208864.4","n/a","1984","Technology","EDP Services","http://www.nasdaq.com/symbol/ment",
"MCHP","Microchip Technology Incorporated","60.95","13121830600.85","n/a","1993","Technology","Semiconductors","http://www.nasdaq.com/symbol/mchp",
"MU","Micron Technology, Inc.","15.52","16115821227.36","n/a","n/a","Technology","Semiconductors","http://www.nasdaq.com/symbol/mu",
"MSCC","Microsemi Corporation","39.51","4472060211.09","n/a","n/a","Technology","Semiconductors","http://www.nasdaq.com/symbol/mscc",
"MSFT","Microsoft Corporation","57.56","448537196381.88","n/a","1986","Technology","Computer Software: Prepackaged Software","http://www.nasdaq.com/symbol/msft",
"MSTR","MicroStrategy Incorporated","164.02","1874933450.54","n/a","1998","Technology","Computer Software: Prepackaged Software","http://www.nasdaq.com/symbol/mstr",
"MCRN","Milacron Holdings Corp.","16.63","1127305044.05","n/a","2015","Technology","Industrial Machinery/Components","http://www.nasdaq.com/symbol/mcrn",
"MIME","Mimecast Limited","14.85","808977807","n/a","2015","Technology","Computer Software: Prepackaged Software","http://www.nasdaq.com/symbol/mime",
"MNDO","MIND C.T.I. Ltd.","2.25","43275190.5","n/a","n/a","Technology","EDP Services","http://www.nasdaq.com/symbol/mndo",
"MB","MINDBODY, Inc.","17.12","680099515.68","n/a","2015","Technology","EDP Services","http://www.nasdaq.com/symbol/mb",
"MIND","Mitcham Industries, Inc.","2.87","34699666.12","n/a","1994","Technology","Diversified Commercial Services","http://www.nasdaq.com/symbol/mind",
"MINDP","Mitcham Industries, Inc.","23.9459","0","n/a","n/a","Technology","Diversified Commercial Services","http://www.nasdaq.com/symbol/mindp",
"MITK","Mitek Systems, Inc.","7.78","254619576.56","n/a","n/a","Technology","Computer peripheral equipment","http://www.nasdaq.com/symbol/mitk",
"MITL","Mitel Networks Corporation","7.69","935037604.54","n/a","n/a","Technology","Radio And Television Broadcasting And Communications Equipment","http://www.nasdaq.com/symbol/mitl",
"MIXT","MiX Telematics Limited","5.44","166047948.8","n/a","2013","Technology","Computer Software: Prepackaged Software","http://www.nasdaq.com/symbol/mixt",
"MOBL","MobileIron, Inc.","3.12","267429342.96","n/a","2014","Technology","Computer Software: Prepackaged Software","http://www.nasdaq.com/symbol/mobl",
"MBLY","Mobileye N.V.","45.36","9926919424.8","n/a","2014","Technology","Computer Software: Prepackaged Software","http://www.nasdaq.com/symbol/mbly",
"MODN","Model N, Inc.","10.48","288386166.72","n/a","2013","Technology","Computer Software: Programming, Data Processing","http://www.nasdaq.com/symbol/modn",
"MDSY","ModSys International Ltd.","1.35","25225419.6","n/a","n/a","Technology","EDP Services","http://www.nasdaq.com/symbol/mdsy",
"MOMO","Momo Inc.","15.58","769073421.12","49362864","2014","Technology","Computer Software: Prepackaged Software","http://www.nasdaq.com/symbol/momo",
"MPWR","Monolithic Power Systems, Inc.","73.76","2986708802.56","n/a","2004","Technology","Semiconductors","http://www.nasdaq.com/symbol/mpwr",
"TYPE","Monotype Imaging Holdings Inc.","21.16","863547767.76","n/a","2007","Technology","EDP Services","http://www.nasdaq.com/symbol/type",
"MSDI","Monster Digital, Inc.","2.7","19815435","n/a","2016","Technology","Electronic Components","http://www.nasdaq.com/symbol/msdi",
"MSDIW","Monster Digital, Inc.","0.7183","0","n/a","2016","Technology","Electronic Components","http://www.nasdaq.com/symbol/msdiw",
"MWW","Monster Worldwide, Inc.","3.43","305492737.34","n/a","n/a","Technology","Professional Services","http://www.nasdaq.com/symbol/mww",
"MOSY","MoSys, Inc.","0.7099","46843859.6539","n/a","2001","Technology","Semiconductors","http://www.nasdaq.com/symbol/mosy",
"MSI","Motorola Solutions, Inc.","75.68","12617795981.12","n/a","n/a","Technology","Radio And Television Broadcasting And Communications Equipment","http://www.nasdaq.com/symbol/msi",
"MRVC","MRV Communications, Inc.","12.68","87202617.04","n/a","1992","Technology","Semiconductors","http://www.nasdaq.com/symbol/mrvc",
"NNDM","Nano Dimension Ltd.","6.9","4108536","595440","n/a","Technology","Electrical Products","http://www.nasdaq.com/symbol/nndm",
"NH","NantHealth, Inc.","12.44","1508121638.92","n/a","2016","Technology","EDP Services","http://www.nasdaq.com/symbol/nh",
"NATI","National Instruments Corporation","27.92","3590700934.64","n/a","1995","Technology","Computer Software: Prepackaged Software","http://www.nasdaq.com/symbol/nati",
"NCIT","NCI, Inc.","11.76","158811708.72","n/a","2005","Technology","EDP Services","http://www.nasdaq.com/symbol/ncit",
"NEFF","Neff Corporation","8.51","204047154.89","n/a","2014","Technology","Diversified Commercial Services","http://www.nasdaq.com/symbol/neff",
"NPTN","NeoPhotonics Corporation","14.71","615100121","n/a","2011","Technology","Semiconductors","http://www.nasdaq.com/symbol/nptn",
"NETE","Net Element, Inc.","1.9","2170797.5","n/a","n/a","Technology","EDP Services","http://www.nasdaq.com/symbol/nete",
"NTAP","NetApp, Inc.","28.85","8080312385.2","n/a","1995","Technology","Electronic Components","http://www.nasdaq.com/symbol/ntap",
"NLST","Netlist, Inc.","1.6","81737331.2","n/a","2006","Technology","Semiconductors","http://www.nasdaq.com/symbol/nlst",
"NTCT","NetScout Systems, Inc.","28.57","2628228696.28","n/a","1999","Technology","EDP Services","http://www.nasdaq.com/symbol/ntct",
"NTWK","NetSol Technologies Inc.","5.9","62295740","n/a","n/a","Technology","Computer Software: Prepackaged Software","http://www.nasdaq.com/symbol/ntwk",
"N","Netsuite Inc","108.7","8796975451.9","n/a","2007","Technology","Computer Software: Prepackaged Software","http://www.nasdaq.com/symbol/n",
"NTIP","Network-1 Technologies, Inc.","2.7","62958454.2","n/a","n/a","Technology","Computer Software: Prepackaged Software","http://www.nasdaq.com/symbol/ntip",
"NEWR","New Relic, Inc.","34.97","1777838920.78","n/a","2014","Technology","Computer Software: Prepackaged Software","http://www.nasdaq.com/symbol/newr",
"NICE","NICE Ltd","67.11","2596074649.92","38683872","n/a","Technology","Computer Manufacturing","http://www.nasdaq.com/symbol/nice",
"NMBL","Nimble Storage, Inc.","8.21","691282000","n/a","2013","Technology","Electronic Components","http://www.nasdaq.com/symbol/nmbl",
"NOK","Nokia Corporation","5.69","33204357805.78","n/a","1994","Technology","Radio And Television Broadcasting And Communications Equipment","http://www.nasdaq.com/symbol/nok",
"NQ","NQ Mobile Inc.","4.33","397787491.73","n/a","2011","Technology","Computer Software: Prepackaged Software","http://www.nasdaq.com/symbol/nq",
"DCM","NTT DOCOMO, Inc","26.84","100395775546","n/a","n/a","Technology","Radio And Television Broadcasting And Communications Equipment","http://www.nasdaq.com/symbol/dcm",
"NUAN","Nuance Communications, Inc.","14.58","4077877298.58","n/a","n/a","Technology","Computer Software: Prepackaged Software","http://www.nasdaq.com/symbol/nuan",
"NVEC","NVE Corporation","57.36","277336173.6","n/a","n/a","Technology","Semiconductors","http://www.nasdaq.com/symbol/nvec",
"NVDA","NVIDIA Corporation","61.15","32654100000","n/a","1999","Technology","Semiconductors","http://www.nasdaq.com/symbol/nvda",
"NXPI","NXP Semiconductors N.V.","88.26","29938729674.24","n/a","2010","Technology","Semiconductors","http://www.nasdaq.com/symbol/nxpi",
"OIIM","O2Micro International Limited","1.8284","61020092.7728","33373492","n/a","Technology","Semiconductors","http://www.nasdaq.com/symbol/oiim",
"OCLR","Oclaro, Inc.","7.04","789515499.52","n/a","n/a","Technology","Semiconductors","http://www.nasdaq.com/symbol/oclr",
"OMCL","Omnicell, Inc.","36.79","1330393909.65","n/a","2001","Technology","Computer Manufacturing","http://www.nasdaq.com/symbol/omcl",
"OMC","Omnicom Group Inc.","84.57","20004040901.91","n/a","n/a","Technology","Advertising","http://www.nasdaq.com/symbol/omc",
"ASGN","On Assignment, Inc.","36.17","1929601283.38","n/a","1992","Technology","Professional Services","http://www.nasdaq.com/symbol/asgn",
"ON","ON Semiconductor Corporation","10.3","4280176072.5","n/a","n/a","Technology","Semiconductors","http://www.nasdaq.com/symbol/on",
"OTIV","On Track Innovations Ltd","1.22","49904558.72","n/a","n/a","Technology","Semiconductors","http://www.nasdaq.com/symbol/otiv",
"OOMA","Ooma, Inc.","8.38","144268378.86","n/a","2015","Technology","EDP Services","http://www.nasdaq.com/symbol/ooma",
"OTEX","Open Text Corporation","62.28","7561083283.56","n/a","1996","Technology","EDP Services","http://www.nasdaq.com/symbol/otex",
"ORCL","Oracle Corporation","41.21","169897703300","n/a","1986","Technology","Computer Software: Prepackaged Software","http://www.nasdaq.com/symbol/orcl",
"OSIS","OSI Systems, Inc.","68.23","1289228365.9","n/a","1997","Technology","Semiconductors","http://www.nasdaq.com/symbol/osis",
"PFIN","P & F Industries, Inc.","8.4641","30410410.967","n/a","n/a","Technology","Industrial Machinery/Components","http://www.nasdaq.com/symbol/pfin",
"PANW","Palo Alto Networks, Inc.","136.1","12194920937.2","n/a","2012","Technology","Computer peripheral equipment","http://www.nasdaq.com/symbol/panw",
"PCYG","Park City Group, Inc.","9.72","186818895.72","n/a","n/a","Technology","EDP Services","http://www.nasdaq.com/symbol/pcyg",
"PKE","Park Electrochemical Corporation","15.5","313637400.5","n/a","n/a","Technology","Electrical Products","http://www.nasdaq.com/symbol/pke",
"PRKR","ParkerVision, Inc.","5.43","69571484.04","n/a","1993","Technology","Radio And Television Broadcasting And Communications Equipment","http://www.nasdaq.com/symbol/prkr",
"PAYC","Paycom Software, Inc.","49.39","2954844516.03","n/a","2014","Technology","Computer Software: Prepackaged Software","http://www.nasdaq.com/symbol/payc",
"PCTY","Paylocity Holding Corporation","42.57","2177771795.1","n/a","2014","Technology","Computer Software: Prepackaged Software","http://www.nasdaq.com/symbol/pcty",
"PCTI","PC-Tel, Inc.","5.22","90432021.24","n/a","1999","Technology","Radio And Television Broadcasting And Communications Equipment","http://www.nasdaq.com/symbol/pcti",
"PDFS","PDF Solutions, Inc.","16.73","524338292.73","n/a","2001","Technology","EDP Services","http://www.nasdaq.com/symbol/pdfs",
"PEGA","Pegasystems Inc.","25.32","1931708831.76","n/a","1996","Technology","EDP Services","http://www.nasdaq.com/symbol/pega",
"PNR","Pentair plc.","66.59","12059007241.94","n/a","n/a","Technology","Industrial Machinery/Components","http://www.nasdaq.com/symbol/pnr",
"PRFT","Perficient, Inc.","19.82","715579278.18","n/a","1999","Technology","EDP Services","http://www.nasdaq.com/symbol/prft",
"PERI","Perion Network Ltd","1.27","96280588.49","n/a","n/a","Technology","EDP Services","http://www.nasdaq.com/symbol/peri",
"PLAB","Photronics, Inc.","10.1","688211172","n/a","1987","Technology","Semiconductors","http://www.nasdaq.com/symbol/plab",
"PXLW","Pixelworks, Inc.","2.81","79544370.05","n/a","2000","Technology","Semiconductors","http://www.nasdaq.com/symbol/pxlw",
"PLXS","Plexus Corp.","45.91","1534893099.23","n/a","n/a","Technology","Electrical Products","http://www.nasdaq.com/symbol/plxs",
"PNTR","Pointer Telocation Ltd.","6.64","51690036.16","n/a","n/a","Technology","Radio And Television Broadcasting And Communications Equipment","http://www.nasdaq.com/symbol/pntr",
"POWI","Power Integrations, Inc.","56.74","1639125376.18","n/a","1997","Technology","Semiconductors","http://www.nasdaq.com/symbol/powi",
"IPDN","Professional Diversity Network, Inc.","0.8","11608768","n/a","2013","Technology","Computer Software: Programming, Data Processing","http://www.nasdaq.com/symbol/ipdn",
"PRGS","Progress Software Corporation","28.6","1386433362.6","n/a","1991","Technology","Computer Software: Prepackaged Software","http://www.nasdaq.com/symbol/prgs",
"PFPT","Proofpoint, Inc.","74.7","3139982229.6","n/a","2012","Technology","EDP Services","http://www.nasdaq.com/symbol/pfpt",
"PRO","PROS Holdings, Inc.","18.5","562198516.5","n/a","2007","Technology","EDP Services","http://www.nasdaq.com/symbol/pro",
"PTC","PTC Inc.","41.46","4766078952.42","n/a","n/a","Technology","Computer Software: Prepackaged Software","http://www.nasdaq.com/symbol/ptc",
"PSTG","Pure Storage, Inc. ","13.4","2605114528.8","n/a","2015","Technology","Electronic Components","http://www.nasdaq.com/symbol/pstg",
"QTWO","Q2 Holdings, Inc.","26.58","1057341422.46","n/a","2014","Technology","Computer Software: Prepackaged Software","http://www.nasdaq.com/symbol/qtwo",
"QADA","QAD Inc.","19.77","371977077.33","n/a","n/a","Technology","Computer Software: Prepackaged Software","http://www.nasdaq.com/symbol/qada",
"QADB","QAD Inc.","17.05","320799654.45","n/a","n/a","Technology","Computer Software: Prepackaged Software","http://www.nasdaq.com/symbol/qadb",
"QLIK","Qlik Technologies Inc.","30.48","2892971709.6","n/a","2010","Technology","Computer Software: Prepackaged Software","http://www.nasdaq.com/symbol/qlik",
"QRVO","Qorvo, Inc.","54.56","6978026001.76","n/a","n/a","Technology","Semiconductors","http://www.nasdaq.com/symbol/qrvo",
"QCOM","QUALCOMM Incorporated","62.28","91778821417.8","n/a","1991","Technology","Radio And Television Broadcasting And Communications Equipment","http://www.nasdaq.com/symbol/qcom",
"QSII","Quality Systems, Inc.","11.96","735617536.68","n/a","1982","Technology","EDP Services","http://www.nasdaq.com/symbol/qsii",
"QBAK","Qualstar Corporation","4.38","8944047.6","n/a","2000","Technology","Electronic Components","http://www.nasdaq.com/symbol/qbak",
"QLYS","Qualys, Inc.","32.62","1153884776.94","n/a","2012","Technology","Computer Software: Prepackaged Software","http://www.nasdaq.com/symbol/qlys",
"QTM","Quantum Corporation","0.5795","155999368.273","n/a","n/a","Technology","Electronic Components","http://www.nasdaq.com/symbol/qtm",
"QRHC","Quest Resource Holding Corporation.","2.37","35181469.74","n/a","n/a","Technology","Diversified Commercial Services","http://www.nasdaq.com/symbol/qrhc",
"QUIK","QuickLogic Corporation","0.9092","61628923.6744","n/a","1999","Technology","Semiconductors","http://www.nasdaq.com/symbol/quik",
"QUMU","Qumu Corporation","2.71","25019776.9","n/a","n/a","Technology","Computer Software: Prepackaged Software","http://www.nasdaq.com/symbol/qumu",
"QUNR","Qunar Cayman Islands Limited","29.81","1951952062.94","65479774","2013","Technology","Computer Software: Programming, Data Processing","http://www.nasdaq.com/symbol/qunr",
"RAX","Rackspace Hosting, Inc","28.17","3543933047.4","n/a","2008","Technology","Computer Software: Programming, Data Processing","http://www.nasdaq.com/symbol/rax",
"RDCM","Radcom Ltd.","16.82","147098401.72","n/a","1997","Technology","Computer peripheral equipment","http://www.nasdaq.com/symbol/rdcm",
"RSYS","RadiSys Corporation","5.04","192929909.76","n/a","1995","Technology","Computer peripheral equipment","http://www.nasdaq.com/symbol/rsys",
"RMBS","Rambus, Inc.","13.49","1482505268.9","n/a","1997","Technology","Semiconductors","http://www.nasdaq.com/symbol/rmbs",
"RPD","Rapid7, Inc.","16.27","684555320.19","n/a","2015","Technology","Computer Software: Prepackaged Software","http://www.nasdaq.com/symbol/rpd",
"RCMT","RCM Technologies, Inc.","5.4301","66764132.9394","n/a","n/a","Technology","Professional Services","http://www.nasdaq.com/symbol/rcmt",
"RNWK","RealNetworks, Inc.","4.84","178109754.24","n/a","1997","Technology","EDP Services","http://www.nasdaq.com/symbol/rnwk",
"RP","RealPage, Inc.","24.83","1992984320.08","n/a","2010","Technology","Computer Software: Prepackaged Software","http://www.nasdaq.com/symbol/rp",
"RHT","Red Hat, Inc.","73.17","13250804271.12","n/a","n/a","Technology","Computer Software: Programming, Data Processing","http://www.nasdaq.com/symbol/rht",
"RWC","RELM Wireless Corporation","5.63","77366046.87","n/a","n/a","Technology","Radio And Television Broadcasting And Communications Equipment","http://www.nasdaq.com/symbol/rwc",
"SOL","Renesola Ltd.","1.22","123955469.68","n/a","2008","Technology","Semiconductors","http://www.nasdaq.com/symbol/sol",
"RNVA","Rennova Health, Inc.","0.297","4390419.429","n/a","n/a","Technology","EDP Services","http://www.nasdaq.com/symbol/rnva",
"RNVAZ","Rennova Health, Inc.","0.1","0","n/a","n/a","Technology","EDP Services","http://www.nasdaq.com/symbol/rnvaz",
"RENN","Renren Inc.","1.83","622049660.01","n/a","2011","Technology","EDP Services","http://www.nasdaq.com/symbol/renn",
"RCII","Rent-A-Center Inc.","12.58","668202563.38","n/a","1995","Technology","Diversified Commercial Services","http://www.nasdaq.com/symbol/rcii",
"RESN","Resonant Inc.","5.45","52268911.7","n/a","2014","Technology","Semiconductors","http://www.nasdaq.com/symbol/resn",
"RXN","Rexnord Corporation","21.2","2177494972.4","n/a","2012","Technology","Industrial Machinery/Components","http://www.nasdaq.com/symbol/rxn",
"RNG","Ringcentral, Inc.","22.93","1676030171.55","n/a","2013","Technology","EDP Services","http://www.nasdaq.com/symbol/rng",
"RHI","Robert Half International Inc.","37.62","4895873910.18","n/a","n/a","Technology","Professional Services","http://www.nasdaq.com/symbol/rhi",
"FUEL","Rocket Fuel Inc.","3.19","141804706.34","n/a","2013","Technology","Computer Software: Programming, Data Processing","http://www.nasdaq.com/symbol/fuel",
"RST","Rosetta Stone","8.99","197620292.65","n/a","2009","Technology","Computer Software: Prepackaged Software","http://www.nasdaq.com/symbol/rst",
"RBCN","Rubicon Technology, Inc.","0.6387","17136022.0884","n/a","2007","Technology","Semiconductors","http://www.nasdaq.com/symbol/rbcn",
"SABR","Sabre Corporation","27.02","7513449859.86","n/a","2014","Technology","Computer Software: Programming, Data Processing","http://www.nasdaq.com/symbol/sabr",
"CRM","Salesforce.com Inc","76.32","51832231462.08","n/a","2004","Technology","Computer Software: Prepackaged Software","http://www.nasdaq.com/symbol/crm",
"SANM","Sanmina Corporation","26.27","1941499323.9","n/a","1993","Technology","Electrical Products","http://www.nasdaq.com/symbol/sanm",
"SAP","SAP SE","87.86","107936381823.52","n/a","n/a","Technology","Computer Software: Prepackaged Software","http://www.nasdaq.com/symbol/sap",
"SPNS","Sapiens International Corporation N.V.","13.2","643629109.2","n/a","1992","Technology","Computer Software: Prepackaged Software","http://www.nasdaq.com/symbol/spns",
"SCSC","ScanSource, Inc.","42.1","1080442064.7","n/a","n/a","Technology","Retail: Computer Software & Peripheral Equipment","http://www.nasdaq.com/symbol/scsc",
"SAIC","SCIENCE APPLICATIONS INTERNATIONAL CORPORATION","60.81","2725835614.5","n/a","n/a","Technology","EDP Services","http://www.nasdaq.com/symbol/saic",
"SGMS","Scientific Games Corp","8.99","786837784.31","n/a","n/a","Technology","EDP Services","http://www.nasdaq.com/symbol/sgms",
"SEAC","SeaChange International, Inc.","3.25","114257737.75","n/a","1996","Technology","Radio And Television Broadcasting And Communications Equipment","http://www.nasdaq.com/symbol/seac",
"STX","Seagate Technology PLC","31.78","9489801361.18","n/a","2002","Technology","Electronic Components","http://www.nasdaq.com/symbol/stx",
"SCWX","SecureWorks Corp.","13.95","1125362528.55","n/a","2016","Technology","Computer Software: Prepackaged Software","http://www.nasdaq.com/symbol/scwx",
"SMI","Semiconductor  Manufacturing International Corporation","4.99","4198960145.21","n/a","2004","Technology","Semiconductors","http://www.nasdaq.com/symbol/smi",
"LEDS","SemiLEDS Corporation","6.71","19729345.9","n/a","2010","Technology","Semiconductors","http://www.nasdaq.com/symbol/leds",
"SMTC","Semtech Corporation","25.85","1687458298.35","n/a","n/a","Technology","Semiconductors","http://www.nasdaq.com/symbol/smtc",
"SQNS","Sequans Communications S.A.","1.73","102644135.1","n/a","2011","Technology","Semiconductors","http://www.nasdaq.com/symbol/sqns",
"NOW","ServiceNow, Inc.","73.07","12020015000","n/a","2012","Technology","Computer Software: Prepackaged Software","http://www.nasdaq.com/symbol/now",
"SGOC","SGOCO Group, Ltd","3.6","989712","n/a","2010","Technology","Radio And Television Broadcasting And Communications Equipment","http://www.nasdaq.com/symbol/sgoc",
"SHSP","SharpSpring, Inc.","5.24","43743677.2","n/a","n/a","Technology","Advertising","http://www.nasdaq.com/symbol/shsp",
"SHOP","Shopify Inc.","38.74","2622999939.56","n/a","2015","Technology","Computer Software: Prepackaged Software","http://www.nasdaq.com/symbol/shop",
"SSTK","Shutterstock, Inc.","60.83","2130041164.02","n/a","2012","Technology","EDP Services","http://www.nasdaq.com/symbol/sstk",
"SWIR","Sierra Wireless, Inc.","14.51","464830011.99","n/a","n/a","Technology","Radio And Television Broadcasting And Communications Equipment","http://www.nasdaq.com/symbol/swir",
"SIFY","Sify Technologies Limited","1.11","27857975.25","25097275","n/a","Technology","Computer Software: Programming, Data Processing","http://www.nasdaq.com/symbol/sify",
"SIGM","Sigma Designs, Inc.","6.84","253068153.12","n/a","1986","Technology","Semiconductors","http://www.nasdaq.com/symbol/sigm",
"SGMA","SigmaTron International, Inc.","6.1991","25936755.4405","n/a","1994","Technology","Electrical Products","http://www.nasdaq.com/symbol/sgma",
"SILC","Silicom Ltd","37.31","274100265.53","n/a","n/a","Technology","Computer Communications Equipment","http://www.nasdaq.com/symbol/silc",
"SGI","Silicon Graphics International Corp","7.69","278973482.84","n/a","n/a","Technology","Computer Manufacturing","http://www.nasdaq.com/symbol/sgi",
"SLAB","Silicon Laboratories, Inc.","53.15","2210882676","n/a","2000","Technology","Semiconductors","http://www.nasdaq.com/symbol/slab",
"SIMO","Silicon Motion Technology Corporation","54.33","1911548404.23","35184031","2005","Technology","Semiconductors","http://www.nasdaq.com/symbol/simo",
"SPIL","Siliconware Precision Industries Company, Ltd.","7.59","325973369.37","42947743","n/a","Technology","Semiconductors","http://www.nasdaq.com/symbol/spil",
"SSNI","Silver Spring Networks, Inc.","13.72","707820521.24","n/a","2013","Technology","Computer Communications Equipment","http://www.nasdaq.com/symbol/ssni",
"SLP","Simulations Plus, Inc.","8.15","138973506.6","n/a","n/a","Technology","EDP Services","http://www.nasdaq.com/symbol/slp",
"SINA","Sina Corporation","69.99","4888154162.49","n/a","n/a","Technology","Computer Software: Prepackaged Software","http://www.nasdaq.com/symbol/sina",
"MOBI","Sky-mobi Limited","1.92","25033691.52","13038381","2010","Technology","Computer Software: Prepackaged Software","http://www.nasdaq.com/symbol/mobi",
"SWKS","Skyworks Solutions, Inc.","70.19","13160348451.4","n/a","n/a","Technology","Semiconductors","http://www.nasdaq.com/symbol/swks",
"SMT","SMART Technologies Inc.","4.45","54481314.4","n/a","n/a","Technology","Computer peripheral equipment","http://www.nasdaq.com/symbol/smt",
"SMSI","Smith Micro Software, Inc.","2.32","114367102.8","n/a","1995","Technology","Computer Software: Prepackaged Software","http://www.nasdaq.com/symbol/smsi",
"SMTX","SMTC Corporation","1.44","23774659.2","n/a","2000","Technology","Electrical Products","http://www.nasdaq.com/symbol/smtx",
"SCKT","Socket Mobile, Inc.","2.55","14898278.1","n/a","n/a","Technology","Computer Manufacturing","http://www.nasdaq.com/symbol/sckt",
"SOHU","Sohu.com Inc.","38.73","1499690821.32","n/a","n/a","Technology","EDP Services","http://www.nasdaq.com/symbol/sohu",
"SEDG","SolarEdge Technologies, Inc.","17.76","723379878.24","n/a","2015","Technology","Semiconductors","http://www.nasdaq.com/symbol/sedg",
"SOFO","Sonic Foundry, Inc.","5.84","25763504.56","n/a","n/a","Technology","Radio And Television Broadcasting And Communications Equipment","http://www.nasdaq.com/symbol/sofo",
"SONS","Sonus Networks, Inc.","8.66","427736426.02","n/a","n/a","Technology","EDP Services","http://www.nasdaq.com/symbol/sons",
"SFUN","SouFun Holdings Limited","4.46","2120188199.2","n/a","2010","Technology","EDP Services","http://www.nasdaq.com/symbol/sfun",
"SPA","Sparton Corporation","21.96","216140377.68","n/a","n/a","Technology","Electrical Products","http://www.nasdaq.com/symbol/spa",
"ANY","Sphere 3D Corp.","0.68","34697000","n/a","n/a","Technology","EDP Services","http://www.nasdaq.com/symbol/any",
"SPI","SPI Energy Co., Ltd.","2.96","185876595.12","62796147","n/a","Technology","Semiconductors","http://www.nasdaq.com/symbol/spi",
"SPLK","Splunk Inc.","63.12","8387377710","n/a","2012","Technology","Computer Software: Prepackaged Software","http://www.nasdaq.com/symbol/splk",
"SPSC","SPS Commerce, Inc.","n/a","0","n/a","2010","Technology","Computer Software: Prepackaged Software","http://www.nasdaq.com/symbol/spsc",
"SPXC","SPX Corporation","18.19","759574345.62","n/a","n/a","Technology","Industrial Machinery/Components","http://www.nasdaq.com/symbol/spxc",
"FLOW","SPX FLOW, Inc.","26.72","1116996734.4","n/a","2015","Technology","Industrial Machinery/Components","http://www.nasdaq.com/symbol/flow",
"SQ","Square, Inc.","11.4","3896119529.4","n/a","2015","Technology","Computer Software: Prepackaged Software","http://www.nasdaq.com/symbol/sq",
"SSNC","SS&C Technologies Holdings, Inc.","31.57","6349920472.28","n/a","2010","Technology","Computer Software: Prepackaged Software","http://www.nasdaq.com/symbol/ssnc",
"STAF","Staffing 360 Solutions, Inc.","1.35","7608470.4","n/a","1996","Technology","Professional Services","http://www.nasdaq.com/symbol/staf",
"SXI","Standex International Corporation","88.84","1137695523.12","n/a","n/a","Technology","Industrial Machinery/Components","http://www.nasdaq.com/symbol/sxi",
"SRT","StarTek, Inc.","4.45","70019112.4","n/a","1997","Technology","Professional Services","http://www.nasdaq.com/symbol/srt",
"STM","STMicroelectronics N.V.","7.48","6606847736.72","n/a","n/a","Technology","Semiconductors","http://www.nasdaq.com/symbol/stm",
"SSYS","Stratasys, Ltd.","21.36","1115376480","n/a","1994","Technology","Computer peripheral equipment","http://www.nasdaq.com/symbol/ssys",
"STRM","Streamline Health Solutions, Inc.","1.475","28632034.775","n/a","n/a","Technology","EDP Services","http://www.nasdaq.com/symbol/strm",
"SEMI","SunEdison Semiconductor Limited","8.28","350818251.12","n/a","2014","Technology","Semiconductors","http://www.nasdaq.com/symbol/semi",
"SPWR","SunPower Corporation","10.36","1431240796.16","n/a","2005","Technology","Semiconductors","http://www.nasdaq.com/symbol/spwr",
"SMCI","Super Micro Computer, Inc.","21.44","1037598147.84","n/a","2007","Technology","Computer Manufacturing","http://www.nasdaq.com/symbol/smci",
"SPCB","SuperCom, Ltd.","3.64","56396758.6","n/a","n/a","Technology","Semiconductors","http://www.nasdaq.com/symbol/spcb",
"SCON","Superconductor Technologies Inc.","2.28","6193729.44","n/a","1993","Technology","Radio And Television Broadcasting And Communications Equipment","http://www.nasdaq.com/symbol/scon",
"SPRT","support.com, Inc.","n/a","0","n/a","2000","Technology","EDP Services","http://www.nasdaq.com/symbol/sprt",
"SYKE","Sykes Enterprises, Incorporated","29.62","1274928772.7","n/a","1996","Technology","EDP Services","http://www.nasdaq.com/symbol/syke",
"SYMC","Symantec Corporation","22.92","14109290757.84","n/a","1989","Technology","Computer Software: Prepackaged Software","http://www.nasdaq.com/symbol/symc",
"SYNC","Synacor, Inc.","2.85","86329384.2","n/a","2012","Technology","Computer Software: Programming, Data Processing","http://www.nasdaq.com/symbol/sync",
"SYNA","Synaptics Incorporated","54.14","1994704978.54","n/a","2002","Technology","EDP Services","http://www.nasdaq.com/symbol/syna",
"SNCR","Synchronoss Technologies, Inc.","40.53","1829329210.17","n/a","2006","Technology","EDP Services","http://www.nasdaq.com/symbol/sncr",
"SNX","Synnex Corporation","102.8","4087725527.6","n/a","2003","Technology","Retail: Computer Software & Peripheral Equipment","http://www.nasdaq.com/symbol/snx",
"SNPS","Synopsys, Inc.","55.89","8485570453.86","n/a","1992","Technology","Computer Software: Prepackaged Software","http://www.nasdaq.com/symbol/snps",
"SYNT","Syntel, Inc.","45.25","3801146655.25","n/a","1997","Technology","EDP Services","http://www.nasdaq.com/symbol/synt",
"SYRX","Sysorex Global","0.41","11067144.35","n/a","2014","Technology","EDP Services","http://www.nasdaq.com/symbol/syrx",
"DATA","Tableau Software, Inc.","53.84","4053562721.2","n/a","2013","Technology","Computer Software: Prepackaged Software","http://www.nasdaq.com/symbol/data",
"TSM","Taiwan Semiconductor Manufacturing Company Ltd.","28.98","150292482480","n/a","1997","Technology","Semiconductors","http://www.nasdaq.com/symbol/tsm",
"TTWO","Take-Two Interactive Software, Inc.","41.06","3531788710.72","n/a","1997","Technology","Computer Software: Prepackaged Software","http://www.nasdaq.com/symbol/ttwo",
"TLND","Talend S.A.","29.3","153825000","5250000","2016","Technology","Computer Software: Prepackaged Software","http://www.nasdaq.com/symbol/tlnd",
"TNGO","Tangoe, Inc.","9.34","368283858.8","n/a","2011","Technology","Computer Software: Prepackaged Software","http://www.nasdaq.com/symbol/tngo",
"TMH","Team Health Holdings, Inc.","34.5","2558434957.5","n/a","2009","Technology","Professional Services","http://www.nasdaq.com/symbol/tmh",
"TECD","Tech Data Corporation","80.55","2835093782.25","n/a","1986","Technology","Retail: Computer Software & Peripheral Equipment","http://www.nasdaq.com/symbol/tecd",
"TCCO","Technical Communications Corporation","2.6","4783680.2","n/a","n/a","Technology","Radio And Television Broadcasting And Communications Equipment","http://www.nasdaq.com/symbol/tcco",
"TTEC","TeleTech Holdings, Inc.","28.93","1366747309.29","n/a","1996","Technology","Professional Services","http://www.nasdaq.com/symbol/ttec",
"TNC","Tennant Company","62.49","1098923581.59","n/a","n/a","Technology","Industrial Machinery/Components","http://www.nasdaq.com/symbol/tnc",
"TDC","Teradata Corporation","31.35","4088040000","n/a","n/a","Technology","Computer Manufacturing","http://www.nasdaq.com/symbol/tdc",
"TSRA","Tessera Technologies, Inc.","32.65","1585921869.15","n/a","2003","Technology","Semiconductors","http://www.nasdaq.com/symbol/tsra",
"TXN","Texas Instruments Incorporated","69.82","70044105163.92","n/a","n/a","Technology","Semiconductors","http://www.nasdaq.com/symbol/txn",
"TGH","Textainer Group Holdings Limited","9.33","527992136.01","n/a","2007","Technology","Diversified Commercial Services","http://www.nasdaq.com/symbol/tgh",
"DSGX","The Descartes Systems Group Inc.","20.42","1547063797.28","n/a","n/a","Technology","Computer Software: Prepackaged Software","http://www.nasdaq.com/symbol/dsgx",
"KEYW","The KEYW Holding Corporation","10.3","421839002.9","n/a","2010","Technology","EDP Services","http://www.nasdaq.com/symbol/keyw",
"MIDD","The Middleby Corporation","127.01","7308125679.66","n/a","n/a","Technology","Industrial Machinery/Components","http://www.nasdaq.com/symbol/midd",
"RUBI","The Rubicon Project, Inc.","9.05","442731348.55","n/a","2014","Technology","Computer Software: Programming, Data Processing","http://www.nasdaq.com/symbol/rubi",
"ULTI","The Ultimate Software Group, Inc.","206.35","5971362077.8","n/a","1998","Technology","Computer Software: Prepackaged Software","http://www.nasdaq.com/symbol/ulti",
"TISA","Top Image Systems, Ltd.","1.7616","31566332.3616","n/a","1996","Technology","Computer peripheral equipment","http://www.nasdaq.com/symbol/tisa",
"TSEM","Tower Semiconductor Ltd.","15.04","1298809280","n/a","1994","Technology","Semiconductors","http://www.nasdaq.com/symbol/tsem",
"TACT","TransAct Technologies Incorporated","7.44","55495026.96","n/a","1996","Technology","Computer peripheral equipment","http://www.nasdaq.com/symbol/tact",
"TZOO","Travelzoo Inc.","11.7","161991367.2","n/a","n/a","Technology","EDP Services","http://www.nasdaq.com/symbol/tzoo",
"TRMR","Tremor Video, Inc.","1.8","94387152.6","n/a","2013","Technology","Advertising","http://www.nasdaq.com/symbol/trmr",
"TSL","Trina Solar Limited","10.52","973968741.6","n/a","2006","Technology","Semiconductors","http://www.nasdaq.com/symbol/tsl",
"TRT","Trio-Tech International","3.4","11944387","n/a","n/a","Technology","Industrial Machinery/Components","http://www.nasdaq.com/symbol/trt",
"TRIP","TripAdvisor, Inc.","62.05","9038059850.65","n/a","n/a","Technology","Computer Software: Programming, Data Processing","http://www.nasdaq.com/symbol/trip",
"TRTN","Triton International Limited","15.81","527979550.71","n/a","2016","Technology","Diversified Commercial Services","http://www.nasdaq.com/symbol/trtn",
"TBI","TrueBlue, Inc.","22.95","974790624.15","n/a","n/a","Technology","Professional Services","http://www.nasdaq.com/symbol/tbi",
"TRUE","TrueCar, Inc.","10.81","914596265","n/a","2014","Technology","Computer Software: Programming, Data Processing","http://www.nasdaq.com/symbol/true",
"TSRI","TSR, Inc.","5.49","10771720.38","n/a","n/a","Technology","EDP Services","http://www.nasdaq.com/symbol/tsri",
"TTMI","TTM Technologies, Inc.","10.25","1027571991.5","n/a","2000","Technology","Electrical Products","http://www.nasdaq.com/symbol/ttmi",
"TUBE","TubeMogul, Inc.","9.52","344820835.52","n/a","2014","Technology","Computer Software: Prepackaged Software","http://www.nasdaq.com/symbol/tube",
"TCX","Tucows Inc.","26.68","278071046.04","n/a","n/a","Technology","EDP Services","http://www.nasdaq.com/symbol/tcx",
"TWLO","Twilio Inc.","58.86","4977773954.64","n/a","2016","Technology","Computer Software: Prepackaged Software","http://www.nasdaq.com/symbol/twlo",
"TWIN","Twin Disc, Incorporated","10.78","122354875.72","n/a","n/a","Technology","Industrial Machinery/Components","http://www.nasdaq.com/symbol/twin",
"TWTR","Twitter, Inc.","20.17","14274852440.31","n/a","2013","Technology","Computer Software: Programming, Data Processing","http://www.nasdaq.com/symbol/twtr",
"TYL","Tyler Technologies, Inc.","162.17","5893322668","n/a","n/a","Technology","Computer Software: Prepackaged Software","http://www.nasdaq.com/symbol/tyl",
"UBNT","Ubiquiti Networks, Inc.","49.87","4135304381.08","n/a","2011","Technology","Radio And Television Broadcasting And Communications Equipment","http://www.nasdaq.com/symbol/ubnt",
"UCTT","Ultra Clean Holdings, Inc.","6.55","215052043.15","n/a","2004","Technology","Semiconductors","http://www.nasdaq.com/symbol/uctt",
"UTEK","Ultratech, Inc.","25.21","674753767.62","n/a","1993","Technology","Industrial Machinery/Components","http://www.nasdaq.com/symbol/utek",
"UIS","Unisys Corporation","10.4","520851021.6","n/a","n/a","Technology","EDP Services","http://www.nasdaq.com/symbol/uis",
"UMC","United Microelectronics Corporation","1.9","4721190680","n/a","n/a","Technology","Semiconductors","http://www.nasdaq.com/symbol/umc",
"URI","United Rentals, Inc.","77.62","6687819614.32","n/a","1997","Technology","Diversified Commercial Services","http://www.nasdaq.com/symbol/uri",
"UPLD","Upland Software, Inc.","8.8","154893763.2","n/a","2014","Technology","Computer Software: Prepackaged Software","http://www.nasdaq.com/symbol/upld",
"VRNS","Varonis Systems, Inc.","27.35","721761850.5","n/a","2014","Technology","Computer Software: Prepackaged Software","http://www.nasdaq.com/symbol/vrns",
"VDSI","VASCO Data Security International, Inc.","17.35","697445137.45","n/a","n/a","Technology","EDP Services","http://www.nasdaq.com/symbol/vdsi",
"VECO","Veeco Instruments Inc.","20.46","831454441.62","n/a","1994","Technology","Industrial Machinery/Components","http://www.nasdaq.com/symbol/veco",
"VEEV","Veeva Systems Inc.","39.14","5274681590.64","n/a","2013","Technology","Computer Software: Prepackaged Software","http://www.nasdaq.com/symbol/veev",
"VRNT","Verint Systems Inc.","34.5","2145831483","n/a","2002","Technology","EDP Services","http://www.nasdaq.com/symbol/vrnt",
"VRSN","VeriSign, Inc.","75.22","8030978160.94","n/a","1998","Technology","EDP Services","http://www.nasdaq.com/symbol/vrsn",
"VRSK","Verisk Analytics, Inc.","81.76","13815005105.44","n/a","2009","Technology","EDP Services","http://www.nasdaq.com/symbol/vrsk",
"VSAT","ViaSat, Inc.","74.72","3682722921.44","n/a","1996","Technology","Radio And Television Broadcasting And Communications Equipment","http://www.nasdaq.com/symbol/vsat",
"VIAV","Viavi Solutions Inc.","7.66","1781074306.48","n/a","n/a","Technology","Semiconductors","http://www.nasdaq.com/symbol/viav",
"VMEM","Violin Memory, Inc.","1.97","49317045.01","n/a","2013","Technology","Electronic Components","http://www.nasdaq.com/symbol/vmem",
"VRTU","Virtusa Corporation","21.44","640397105.92","n/a","2007","Technology","EDP Services","http://www.nasdaq.com/symbol/vrtu",
"VISN","VisionChina Media, Inc.","5.09","20169236.98","3962522","2007","Technology","Advertising","http://www.nasdaq.com/symbol/visn",
"VMW","Vmware, Inc.","70.41","29882584741.68","n/a","2007","Technology","Computer Software: Prepackaged Software","http://www.nasdaq.com/symbol/vmw",
"VISI","Volt Information Sciences, Inc.","6.11","127286593.33","n/a","n/a","Technology","Professional Services","http://www.nasdaq.com/symbol/visi",
"VUZI","Vuzix Corporation","7.18","124617235.98","n/a","n/a","Technology","Radio And Television Broadcasting And Communications Equipment","http://www.nasdaq.com/symbol/vuzi",
"WSTG","Wayside Technology Group, Inc.","18.26","86466486.7","n/a","n/a","Technology","Retail: Computer Software & Peripheral Equipment","http://www.nasdaq.com/symbol/wstg",
"WEB","Web.com Group, Inc.","17.27","872256459.91","n/a","n/a","Technology","Computer Software: Prepackaged Software","http://www.nasdaq.com/symbol/web",
"WB","Weibo Corporation","43.71","2065341909.36","47251016","2014","Technology","Computer Software: Programming, Data Processing","http://www.nasdaq.com/symbol/wb",
"WDC","Western Digital Corporation","44.73","10421943061.95","n/a","n/a","Technology","Electronic Components","http://www.nasdaq.com/symbol/wdc",
"WYY","WidePoint Corporation","0.5","41365067","n/a","n/a","Technology","EDP Services","http://www.nasdaq.com/symbol/wyy",
"WIT","Wipro Limited","11.04","26835074721.6","n/a","n/a","Technology","EDP Services","http://www.nasdaq.com/symbol/wit",
"WIX","Wix.com Ltd.","37.66","1516675380.36","n/a","2013","Technology","Computer Software: Programming, Data Processing","http://www.nasdaq.com/symbol/wix",
"WDAY","Workday, Inc.","80.7","15897900000","n/a","2012","Technology","EDP Services","http://www.nasdaq.com/symbol/wday",
"WK","Workiva Inc.","16.78","688965153.8","n/a","2014","Technology","Computer Software: Prepackaged Software","http://www.nasdaq.com/symbol/wk",
"JMU","Wowo Limited","3.39","39417608.07","11627613","2015","Technology","EDP Services","http://www.nasdaq.com/symbol/jmu",
"WPPGY","WPP plc","115.33","1959692203.86","16992042","n/a","Technology","Advertising","http://www.nasdaq.com/symbol/wppgy",
"WSCI","WSI Industries Inc.","3.37","9838715","n/a","n/a","Technology","Industrial Machinery/Components","http://www.nasdaq.com/symbol/wsci",
"XTLY","Xactly Corporation","13.39","403402484.94","n/a","2015","Technology","Computer Software: Prepackaged Software","http://www.nasdaq.com/symbol/xtly",
"XLNX","Xilinx, Inc.","52.19","13229232051.56","n/a","1990","Technology","Semiconductors","http://www.nasdaq.com/symbol/xlnx",
"XPLR","Xplore Technologies Corp","2.5","27316355","n/a","n/a","Technology","Computer Manufacturing","http://www.nasdaq.com/symbol/xplr",
"XNET","Xunlei Limited","5.5","148321409.5","26967529","2014","Technology","Computer Software: Prepackaged Software","http://www.nasdaq.com/symbol/xnet",
"YHOO","Yahoo! Inc.","42.7","40641116464.9","n/a","1996","Technology","EDP Services","http://www.nasdaq.com/symbol/yhoo",
"YNDX","Yandex N.V.","22.87","7339679574.46","n/a","2011","Technology","Computer Software: Programming, Data Processing","http://www.nasdaq.com/symbol/yndx",
"YGE","Yingli Green Energy Holding Company Limited","4.27","77613129.79","n/a","2007","Technology","Semiconductors","http://www.nasdaq.com/symbol/yge",
"YUME","YuMe, Inc.","3.46","118529455.28","n/a","2013","Technology","Advertising","http://www.nasdaq.com/symbol/yume",
"YY","YY Inc.","49.08","1856755492.32","37831204","2012","Technology","EDP Services","http://www.nasdaq.com/symbol/yy",
"ZBRA","Zebra Technologies Corporation","66.89","3529577338.99","n/a","1991","Technology","Industrial Machinery/Components","http://www.nasdaq.com/symbol/zbra",
"ZDGE","Zedge, Inc.","4.54","42273964.84","n/a","2016","Technology","Computer Software: Prepackaged Software","http://www.nasdaq.com/symbol/zdge",
"ZEN","Zendesk, Inc.","30.05","2818901251.5","n/a","2014","Technology","EDP Services","http://www.nasdaq.com/symbol/zen",
"ZPIN","Zhaopin Limited","15.49","967212406.65","n/a","2014","Technology","Professional Services","http://www.nasdaq.com/symbol/zpin",
"ZIXI","Zix Corporation","3.67","195528663.55","n/a","n/a","Technology","EDP Services","http://www.nasdaq.com/symbol/zixi",
"ZNGA","Zynga Inc.","2.66","2346354455.06","n/a","2011","Technology","EDP Services","http://www.nasdaq.com/symbol/znga",
